Workbook

Sheet 📊 Dashboard
B2: Portfolio Optimization — Executive Dashboard
B3: Markowitz Mean-Variance Optimization | Weekly Data 2022–2024 | 14 Stocks: Mega-Cap & High-Volatility Universes
B6: 📌 Portfolio Statistics — Global Minimum Variance Portfolios
B7: Metric | C7: Mega-Cap (7 Stocks) | D7: High-Vol (7 Stocks) | E7: Combined (14 Stocks) | F7: Notes
B8: Expected Return (Weekly) | C8: 0.05284 | D8: -0.013034 | E8: 0.03241 | F8: Weekly log return of GMV portfolio
B9: Portfolio Variance | C9: 0.000913 | D9: 0.0021 | E9: 0.000786 | F9: wᵀΣw — lower is better
B10: Std Deviation (Weekly) | C10: 0.030215 | D10: 0.045822 | E10: 0.028032 | F10: Square root of portfolio variance
B11: Sharpe Ratio | C11: 8.7034 | D11: -11.991 | E11: 14.5705 | F11: As calculated in model (not annualized)
B13: 📐 Optimal Weights — Global Minimum Variance Portfolio
B14: Stock | C14: Universe | D14: Mega-Cap Weight | E14: High-Vol Weight | F14: Combined Weight | G14: Direction
B15: APPLE | C15: Mega-Cap | D15: 0.3642 | E15: — | F15: 0.2998 | G15: Long
B16: NVIDIA | C16: Mega-Cap | D16: -0.1698 | E16: — | F16: -0.1523 | G16: Short
B17: Microsoft | C17: Mega-Cap | D17: 0.7828 | E17: — | F17: 0.6823 | G17: Long
B18: GOOGLE | C18: Mega-Cap | D18: 0.0612 | E18: — | F18: 0.0783 | G18: Long
B19: TESLA | C19: Mega-Cap | D19: -0.0442 | E19: — | F19: -0.0088 | G19: Short
B20: AMAZON | C20: Mega-Cap | D20: 0.0502 | E20: — | F20: 0.0199 | G20: Long
B21: META | C21: Mega-Cap | D21: -0.0444 | E21: — | F21: -0.0307 | G21: Short
B22: SNAP | C22: High-Vol | D22: — | E22: 0.1155 | F22: 0.0431 | G22: Long
B23: CRWD | C23: High-Vol | D23: — | E23: 0.171 | F23: -0.0547 | G23: Short
B24: COIN | C24: High-Vol | D24: — | E24: -0.0978 | F24: -0.0616 | G24: Short
B25: UBER | C25: High-Vol | D25: — | E25: 0.345 | F25: 0.1357 | G25: Long
B26: PLTR | C26: High-Vol | D26: — | E26: 0.0167 | F26: 0.0088 | G26: Long
B27: ROKU | C27: High-Vol | D27: — | E27: -0.0963 | F27: -0.0668 | G27: Short
B28: ZM | C28: High-Vol | D28: — | E28: 0.5461 | F28: 0.1069 | G28: Long
B30: 🔬 Methodology
B31: Return Calculation | C31: Log returns: ln(Pt / Pt-1) applied to weekly price data for all 14 stocks
B32: Excess Return | C32: Excess return = Weekly return minus mean return (avg subtracted via AVERAGE formula in row 203)
B33: Covariance Matrix | C33: 7×7 and 14×14 variance-covariance matrices built from excess return data
B34: Matrix Inverse | C34: MINVERSE applied to covariance matrix to solve for optimal weights
B35: Optimization Target | C35: Global Minimum Variance Portfolio — minimizes portfolio variance subject to weights summing to 1
B36: Short Selling | C36: Permitted — negative weights indicate short positions in the model
B37: Scenario Analysis | C37: Bull case tab: positive returns scaled ×1.2, negative returns scaled ×0.8
B38: Data Period | C38: Jan 2022 – Oct 2025, weekly observations (~130 data points per stock)
B39: Stock Universe 1 | C39: Mega-Cap: APPLE, NVIDIA, Microsoft, GOOGLE, TESLA, AMAZON, META
B40: Stock Universe 2 | C40: High-Volatility: SNAP, CRWD, COIN, UBER, PLTR, ROKU, ZM
B42: 💡 Key Findings
B43: 1. | C43: Combined portfolio achieves the lowest variance (0.000786) — lower than either the mega-cap (0.000913) or high-vol (0.002100) sub-portfolios alone, confirming cross-universe diversification benefits.
B44: 2. | C44: Microsoft dominates the mega-cap optimal portfolio at 78.3% weight — its low variance relative to peers makes it the anchor of the minimum variance solution.
B45: 3. | C45: ZM (54.6%) and UBER (34.5%) carry the highest weights in the high-volatility universe due to their relatively low correlation with other high-vol stocks.
B46: 4. | C46: NVIDIA, TESLA, META (mega-cap) and CRWD, COIN, ROKU (high-vol) all receive negative weights (short positions), indicating they add more risk than return in this sample period.
B47: 5. | C47: High-volatility portfolio shows a negative expected return (-1.3% weekly) and negative Sharpe ratio (-11.99), confirming that high-vol stocks individually underperformed in 2022–2024.
B48: 6. | C48: Combined 14-stock portfolio has the best Sharpe ratio (14.57) and lowest SD (2.80%), demonstrating that combining both universes improves the risk-return tradeoff significantly.
B49: 7. | C49: Note: The Sharpe ratios in this model are calculated on a weekly basis and are not annualized. Annualizing would require multiplying by √52.
B52: Built by Tirth Thakkar | MS Finance, University of Texas at Dallas | Independent Research Project | Data: Yahoo Finance

Sheet Data of Top 7 Stocks
A1: Data for Top 7 Stocks
A2: PRICE
A3: Date | B3: APPLE | C3: NVIDIA | D3: Microsoft | E3: GOOGLE | F3: TESLA | G3: AMAZON | H3: META
A4: 44570 | B4: 173.07 | C4: 26.94 | D4: 310.2 | E4: 139.48 | F4: 349.87 | G4: 162.14 | H4: 331.9
A5: 44577 | B5: 162.41 | C5: 23.37 | D5: 296.03 | E5: 130.35 | F5: 314.63 | G5: 142.64 | H5: 303.17
A6: 44584 | B6: 170.33 | C6: 22.84 | D6: 308.26 | E6: 133.35 | F6: 282.12 | G6: 143.98 | H6: 301.71
A7: 44591 | B7: 172.39 | C7: 24.32 | D7: 305.94 | E7: 143.29 | F7: 307.77 | G7: 157.64 | H7: 237.09
A8: 44598 | B8: 168.64 | C8: 23.95 | D8: 295.04 | E8: 134.28 | F8: 286.67 | G8: 153.29 | H8: 219.55
A9: 44605 | B9: 167.3 | C9: 23.64 | D9: 287.93 | E9: 130.4 | F9: 285.66 | G9: 152.6 | H9: 206.16
A10: 44612 | B10: 164.85 | C10: 24.16 | D10: 297.31 | E10: 134.46 | F10: 269.96 | G10: 153.79 | H10: 210.48
A11: 44619 | B11: 163.17 | C11: 22.94 | D11: 289.86 | E11: 131.91 | F11: 279.43 | G11: 145.64 | H11: 200.06
A12: 44626 | B12: 154.73 | C12: 22.1 | D12: 280.07 | E12: 129.87 | F12: 265.12 | G12: 145.52 | H12: 187.61
A13: 44633 | B13: 163.98 | C13: 26.45 | D13: 300.43 | E13: 136.13 | F13: 301.8 | G13: 161.25 | H13: 216.49
A14: 44640 | B14: 174.72 | C14: 27.69 | D14: 303.68 | E14: 141.67 | F14: 336.88 | G14: 164.77 | H14: 221.82
A15: 44647 | B15: 174.31 | C15: 26.71 | D15: 309.42 | E15: 140.15 | F15: 361.53 | G15: 163.56 | H15: 224.85
... A199: 45935 | B199: 245.27 | C199: 183.16 | D199: 510.96 | E199: 236.57 | F199: 413.49 | G199: 216.37 | H199: 705.3
B229: Mean (E®) | D229: S^-1(E®) | F229: Allocated Weigths
B230: 0.001788018 | D230: {=MMULT(_xlfn.ANCHORARRAY(K206),B230:B236)} -> #REF! | F230: =D230/SUM(_xlfn.ANCHORARRAY($D$230)) -> #REF!
B231: 0.0098294765 | F231: =D231/SUM(_xlfn.ANCHORARRAY($D$230)) -> #REF!
B232: 0.0025593541 | F232: =D232/SUM(_xlfn.ANCHORARRAY($D$230)) -> #REF!
B233: 0.0027093483 | F233: =D233/SUM(_xlfn.ANCHORARRAY($D$230)) -> #REF!
B234: 0.00085677781 | F234: =D234/SUM(_xlfn.ANCHORARRAY($D$230)) -> #REF!
B235: 0.0014796397 | F235: =D235/SUM(_xlfn.ANCHORARRAY($D$230)) -> #REF!
B236: 0.0038655873 | F236: =D236/SUM(_xlfn.ANCHORARRAY($D$230)) -> #REF!
E238: Sum | F238: =SUM(F230:F236) -> #REF!
E242: Mean | F242: =SUMPRODUCT(F230:F236,B230:B236) -> #REF!
E243: Variance | F243: {=MMULT(TRANSPOSE(F230:F236),MMULT(_xlfn.ANCHORARRAY(B206),F230:F236))} -> #REF!
E244: Std. deviation | F244: =SQRT(F243) -> #REF!
C247: Sharpie Ratio | E247: =F242/F244 -> #REF!

Sheet Return of Top 7 Stocks
E3: RETURNS | N3: Excess Return
E4: APPLE | F4: NVIDIA | G4: Microsoft | H4: GOOGLE | I4: TESLA | J4: AMAZON | K4: META | N4: APPLE | O4: NVIDIA | P4: Microsoft | Q4: GOOGLE | R4: TESLA | S4: AMAZON | T4: META
E6: =LN('Data of Top 7 Stocks'!B5/'Data of Top 7 Stocks'!B4) -> -0.063572135 | F6: =LN('Data of Top 7 Stocks'!C5/'Data of Top 7 Stocks'!C4) -> -0.14215902 | G6: =LN('Data of Top 7 Stocks'!D5/'Data of Top 7 Stocks'!D4) -> -0.04675645 | H6: =LN('Data of Top 7 Stocks'!E5/'Data of Top 7 Stocks'!E4) -> -0.067698081 | I6: =LN('Data of Top 7 Stocks'!F5/'Data of Top 7 Stocks'!F4) -> -0.10616431 | J6: =LN('Data of Top 7 Stocks'!G5/'Data of Top 7 Stocks'!G4) -> -0.12813619 | K6: =LN('Data of Top 7 Stocks'!H5/'Data of Top 7 Stocks'!H4) -> -0.090540014 | N6: =E6-E$203 -> -0.065360153 | O6: =F6-F$203 -> -0.1519885 | P6: =G6-G$203 -> -0.049315804 | Q6: =H6-H$203 -> -0.07040743 | R6: =I6-I$203 -> -0.10702109 | S6: =J6-J$203 -> -0.12961583 | T6: =K6-K$203 -> -0.094405602
E7: =LN('Data of Top 7 Stocks'!B6/'Data of Top 7 Stocks'!B5) -> 0.04761373 | F7: =LN('Data of Top 7 Stocks'!C6/'Data of Top 7 Stocks'!C5) -> -0.022939764 | G7: =LN('Data of Top 7 Stocks'!D6/'Data of Top 7 Stocks'!D5) -> 0.040482782 | H7: =LN('Data of Top 7 Stocks'!E6/'Data of Top 7 Stocks'!E5) -> 0.02275411 | I7: =LN('Data of Top 7 Stocks'!F6/'Data of Top 7 Stocks'!F5) -> -0.10906483 | J7: =LN('Data of Top 7 Stocks'!G6/'Data of Top 7 Stocks'!G5) -> 0.0093504275 | K7: =LN('Data of Top 7 Stocks'!H6/'Data of Top 7 Stocks'!H5) -> -0.0048274132 | N7: =E7-E$203 -> 0.045825712 | O7: =F7-F$203 -> -0.03276924 | P7: =G7-G$203 -> 0.037923428 | Q7: =H7-H$203 -> 0.020044762 | R7: =I7-I$203 -> -0.10992161 | S7: =J7-J$203 -> 0.0078707878 | T7: =K7-K$203 -> -0.0086930005
E8: =LN('Data of Top 7 Stocks'!B7/'Data of Top 7 Stocks'!B6) -> 0.01202162 | F8: =LN('Data of Top 7 Stocks'!C7/'Data of Top 7 Stocks'!C6) -> 0.062785672 | G8: =LN('Data of Top 7 Stocks'!D7/'Data of Top 7 Stocks'!D6) -> -0.0075545784 | H8: =LN('Data of Top 7 Stocks'!E7/'Data of Top 7 Stocks'!E6) -> 0.071893298 | I8: =LN('Data of Top 7 Stocks'!F7/'Data of Top 7 Stocks'!F6) -> 0.087020238 | J8: =LN('Data of Top 7 Stocks'!G7/'Data of Top 7 Stocks'!G6) -> 0.090639551 | K8: =LN('Data of Top 7 Stocks'!H7/'Data of Top 7 Stocks'!H6) -> -0.24102648 | N8: =E8-E$203 -> 0.010233602 | O8: =F8-F$203 -> 0.052956196 | P8: =G8-G$203 -> -0.010113933 | Q8: =H8-H$203 -> 0.06918395 | R8: =I8-I$203 -> 0.086163461 | S8: =J8-J$203 -> 0.089159912 | T8: =K8-K$203 -> -0.24489206
E9: =LN('Data of Top 7 Stocks'!B8/'Data of Top 7 Stocks'!B7) -> -0.021993087 | F9: =LN('Data of Top 7 Stocks'!C8/'Data of Top 7 Stocks'!C7) -> -0.015330733 | G9: =LN('Data of Top 7 Stocks'!D8/'Data of Top 7 Stocks'!D7) -> -0.036278064 | H9: =LN('Data of Top 7 Stocks'!E8/'Data of Top 7 Stocks'!E7) -> -0.064943377 | I9: =LN('Data of Top 7 Stocks'!F8/'Data of Top 7 Stocks'!F7) -> -0.071021022 | J9: =LN('Data of Top 7 Stocks'!G8/'Data of Top 7 Stocks'!G7) -> -0.0279824 | K9: =LN('Data of Top 7 Stocks'!H8/'Data of Top 7 Stocks'!H7) -> -0.076859819 | N9: =E9-E$203 -> -0.023781105 | O9: =F9-F$203 -> -0.02516021 | P9: =G9-G$203 -> -0.038837418 | Q9: =H9-H$203 -> -0.067652725 | R9: =I9-I$203 -> -0.0718778 | S9: =J9-J$203 -> -0.02946204 | T9: =K9-K$203 -> -0.080725406
E10: =LN('Data of Top 7 Stocks'!B9/'Data of Top 7 Stocks'!B8) -> -0.0079776574 | F10: =LN('Data of Top 7 Stocks'!C9/'Data of Top 7 Stocks'!C8) -> -0.013028131 | G10: =LN('Data of Top 7 Stocks'!D9/'Data of Top 7 Stocks'!D8) -> -0.024393545 | H10: =LN('Data of Top 7 Stocks'!E9/'Data of Top 7 Stocks'!E8) -> -0.029320523 | I10: =LN('Data of Top 7 Stocks'!F9/'Data of Top 7 Stocks'!F8) -> -0.003529436 | J10: =LN('Data of Top 7 Stocks'!G9/'Data of Top 7 Stocks'!G8) -> -0.0045114333 | K10: =LN('Data of Top 7 Stocks'!H9/'Data of Top 7 Stocks'!H8) -> -0.062927431 | N10: =E10-E$203 -> -0.0097656753 | O10: =F10-F$203 -> -0.022857608 | P10: =G10-G$203 -> -0.026952899 | Q10: =H10-H$203 -> -0.032029871 | R10: =I10-I$203 -> -0.0043862138 | S10: =J10-J$203 -> -0.005991073 | T10: =K10-K$203 -> -0.066793018
E11: =LN('Data of Top 7 Stocks'!B10/'Data of Top 7 Stocks'!B9) -> -0.014752638 | F11: =LN('Data of Top 7 Stocks'!C10/'Data of Top 7 Stocks'!C9) -> 0.021758181 | G11: =LN('Data of Top 7 Stocks'!D10/'Data of Top 7 Stocks'!D9) -> 0.03205797 | H11: =LN('Data of Top 7 Stocks'!E10/'Data of Top 7 Stocks'!E9) -> 0.030660108 | I11: =LN('Data of Top 7 Stocks'!F10/'Data of Top 7 Stocks'!F9) -> -0.056528493 | J11: =LN('Data of Top 7 Stocks'!G10/'Data of Top 7 Stocks'!G9) -> 0.0077679166 | K11: =LN('Data of Top 7 Stocks'!H10/'Data of Top 7 Stocks'!H9) -> 0.02073807 | N11: =E11-E$203 -> -0.016540656 | O11: =F11-F$203 -> 0.011928704 | P11: =G11-G$203 -> 0.029498616 | Q11: =H11-H$203 -> 0.027950759 | R11: =I11-I$203 -> -0.05738527 | S11: =J11-J$203 -> 0.0062882769 | T11: =K11-K$203 -> 0.016872483
E12: =LN('Data of Top 7 Stocks'!B11/'Data of Top 7 Stocks'!B10) -> -0.010243367 | F12: =LN('Data of Top 7 Stocks'!C11/'Data of Top 7 Stocks'!C10) -> -0.051816261 | G12: =LN('Data of Top 7 Stocks'!D11/'Data of Top 7 Stocks'!D10) -> -0.025377318 | H12: =LN('Data of Top 7 Stocks'!E11/'Data of Top 7 Stocks'!E10) -> -0.019146885 | I12: =LN('Data of Top 7 Stocks'!F11/'Data of Top 7 Stocks'!F10) -> 0.034478014 | J12: =LN('Data of Top 7 Stocks'!G11/'Data of Top 7 Stocks'!G10) -> -0.054450212 | K12: =LN('Data of Top 7 Stocks'!H11/'Data of Top 7 Stocks'!H10) -> -0.050773315 | N12: =E12-E$203 -> -0.012031385 | O12: =F12-F$203 -> -0.061645738 | P12: =G12-G$203 -> -0.027936672 | Q12: =H12-H$203 -> -0.021856234 | R12: =I12-I$203 -> 0.033621236 | S12: =J12-J$203 -> -0.055929852 | T12: =K12-K$203 -> -0.054638902
E13: =LN('Data of Top 7 Stocks'!B12/'Data of Top 7 Stocks'!B11) -> -0.05311094 | F13: =LN('Data of Top 7 Stocks'!C12/'Data of Top 7 Stocks'!C11) -> -0.037304503 | G13: =LN('Data of Top 7 Stocks'!D12/'Data of Top 7 Stocks'!D11) -> -0.034358476 | H13: =LN('Data of Top 7 Stocks'!E12/'Data of Top 7 Stocks'!E11) -> -0.015585922 | I13: =LN('Data of Top 7 Stocks'!F12/'Data of Top 7 Stocks'!F11) -> -0.05256926 | J13: =LN('Data of Top 7 Stocks'!G12/'Data of Top 7 Stocks'!G11) -> -0.0008242891 | K13: =LN('Data of Top 7 Stocks'!H12/'Data of Top 7 Stocks'!H11) -> -0.064251982 | N13: =E13-E$203 -> -0.054898958 | O13: =F13-F$203 -> -0.04713398 | P13: =G13-G$203 -> -0.03691783 | Q13: =H13-H$203 -> -0.01829527 | R13: =I13-I$203 -> -0.053426038 | S13: =J13-J$203 -> -0.0023039288 | T13: =K13-K$203 -> -0.068117569
E14: =LN('Data of Top 7 Stocks'!B13/'Data of Top 7 Stocks'!B12) -> 0.058062807 | F14: =LN('Data of Top 7 Stocks'!C13/'Data of Top 7 Stocks'!C12) -> 0.17967855 | G14: =LN('Data of Top 7 Stocks'!D13/'Data of Top 7 Stocks'!D12) -> 0.07017521 | H14: =LN('Data of Top 7 Stocks'!E13/'Data of Top 7 Stocks'!E12) -> 0.047076361 | I14: =LN('Data of Top 7 Stocks'!F13/'Data of Top 7 Stocks'!F12) -> 0.12958199 | J14: =LN('Data of Top 7 Stocks'!G13/'Data of Top 7 Stocks'!G12) -> 0.10264242 | K14: =LN('Data of Top 7 Stocks'!H13/'Data of Top 7 Stocks'!H12) -> 0.14317902 | N14: =E14-E$203 -> 0.056274789 | O14: =F14-F$203 -> 0.16984907 | P14: =G14-G$203 -> 0.067615856 | Q14: =H14-H$203 -> 0.044367013 | R14: =I14-I$203 -> 0.12872521 | S14: =J14-J$203 -> 0.10116278 | T14: =K14-K$203 -> 0.13931343
E15: =LN('Data of Top 7 Stocks'!B14/'Data of Top 7 Stocks'!B13) -> 0.063440223 | F15: =LN('Data of Top 7 Stocks'!C14/'Data of Top 7 Stocks'!C13) -> 0.045815179 | G15: =LN('Data of Top 7 Stocks'!D14/'Data of Top 7 Stocks'!D13) -> 0.010759734 | H15: =LN('Data of Top 7 Stocks'!E14/'Data of Top 7 Stocks'!E13) -> 0.039890098 | I15: =LN('Data of Top 7 Stocks'!F14/'Data of Top 7 Stocks'!F13) -> 0.10996224 | J15: =LN('Data of Top 7 Stocks'!G14/'Data of Top 7 Stocks'!G13) -> 0.021594606 | K15: =LN('Data of Top 7 Stocks'!H14/'Data of Top 7 Stocks'!H13) -> 0.024321885 | N15: =E15-E$203 -> 0.061652205 | O15: =F15-F$203 -> 0.035985702 | P15: =G15-G$203 -> 0.0082003795 | Q15: =H15-H$203 -> 0.03718075 | R15: =I15-I$203 -> 0.10910546 | S15: =J15-J$203 -> 0.020114967 | T15: =K15-K$203 -> 0.020456298
E16: =LN('Data of Top 7 Stocks'!B15/'Data of Top 7 Stocks'!B14) -> -0.0023493693 | F16: =LN('Data of Top 7 Stocks'!C15/'Data of Top 7 Stocks'!C14) -> -0.03603331 | G16: =LN('Data of Top 7 Stocks'!D15/'Data of Top 7 Stocks'!D14) -> 0.018725062 | H16: =LN('Data of Top 7 Stocks'!E15/'Data of Top 7 Stocks'!E14) -> -0.010787132 | I16: =LN('Data of Top 7 Stocks'!F15/'Data of Top 7 Stocks'!F14) -> 0.070618242 | J16: =LN('Data of Top 7 Stocks'!G15/'Data of Top 7 Stocks'!G14) -> -0.0073706666 | K16: =LN('Data of Top 7 Stocks'!H15/'Data of Top 7 Stocks'!H14) -> 0.013567271 | N16: =E16-E$203 -> -0.0041373873 | O16: =F16-F$203 -> -0.045862787 | P16: =G16-G$203 -> 0.016165708 | Q16: =H16-H$203 -> -0.01349648 | R16: =I16-I$203 -> 0.069761464 | S16: =J16-J$203 -> -0.0088503063 | T16: =K16-K$203 -> 0.0097016837
E17: =LN('Data of Top 7 Stocks'!B16/'Data of Top 7 Stocks'!B15) -> -0.024507615 | F17: =LN('Data of Top 7 Stocks'!C16/'Data of Top 7 Stocks'!C15) -> -0.14433998 | G17: =LN('Data of Top 7 Stocks'!D16/'Data of Top 7 Stocks'!D15) -> -0.041068454 | H17: =LN('Data of Top 7 Stocks'!E16/'Data of Top 7 Stocks'!E15) -> -0.050186072 | I17: =LN('Data of Top 7 Stocks'!F16/'Data of Top 7 Stocks'!F15) -> -0.056031488 | J17: =LN('Data of Top 7 Stocks'!G16/'Data of Top 7 Stocks'!G15) -> -0.057244732 | K17: =LN('Data of Top 7 Stocks'!H16/'Data of Top 7 Stocks'!H15) -> -0.011270749 | N17: =E17-E$203 -> -0.026295632 | O17: =F17-F$203 -> -0.15416946 | P17: =G17-G$203 -> -0.043627808 | Q17: =H17-H$203 -> -0.05289542 | R17: =I17-I$203 -> -0.056888266 | S17: =J17-J$203 -> -0.058724372 | T17: =K17-K$203 -> -0.015136336
... E200: =LN('Data of Top 7 Stocks'!B199/'Data of Top 7 Stocks'!B198) -> -0.050677457 | F200: =LN('Data of Top 7 Stocks'!C199/'Data of Top 7 Stocks'!C198) -> -0.024058553 | G200: =LN('Data of Top 7 Stocks'!D199/'Data of Top 7 Stocks'!D198) -> -0.012428319 | H200: =LN('Data of Top 7 Stocks'!E199/'Data of Top 7 Stocks'!E198) -> -0.036441615 | I200: =LN('Data of Top 7 Stocks'!F199/'Data of Top 7 Stocks'!F198) -> -0.038756451 | J200: =LN('Data of Top 7 Stocks'!G199/'Data of Top 7 Stocks'!G198) -> -0.014407884 | K200: =LN('Data of Top 7 Stocks'!H199/'Data of Top 7 Stocks'!H198) -> -0.0074301473 | N200: =E200-E$203 -> -0.052465475 | O200: =F200-F$203 -> -0.033888029 | P200: =G200-G$203 -> -0.014987673 | Q200: =H200-H$203 -> -0.039150964 | R200: =I200-I$203 -> -0.039613229 | S200: =J200-J$203 -> -0.015887524 | T200: =K200-K$203 -> -0.011295735
D203: Avg Return | E203: =AVERAGE(E6:E200) -> 0.001788018 | F203: =AVERAGE(F6:F200) -> 0.0098294765 | G203: =AVERAGE(G6:G200) -> 0.0025593541 | H203: =AVERAGE(H6:H200) -> 0.0027093483 | I203: =AVERAGE(I6:I200) -> 0.00085677781 | J203: =AVERAGE(J6:J200) -> 0.0014796397 | K203: =AVERAGE(K6:K200) -> 0.0038655873
E204: Weekly Data | N204: Monthly Data | W204: Yearly Data
E205: APPLE | F205: NVIDIA | G205: Microsoft | H205: GOOGLE | I205: TESLA | J205: AMAZON | K205: META | N205: APPLE | O205: NVIDIA | P205: Microsoft | Q205: GOOGLE | R205: TESLA | S205: AMAZON | T205: META | W205: APPLE | X205: NVIDIA | Y205: Microsoft | Z205: GOOGLE | AA205: TESLA | AB205: AMAZON | AC205: META
D207: Mean | E207: =AVERAGE(E6:E200) -> 0.001788018 | F207: =AVERAGE(F6:F200) -> 0.0098294765 | G207: =AVERAGE(G6:G200) -> 0.0025593541 | H207: =AVERAGE(H6:H200) -> 0.0027093483 | I207: =AVERAGE(I6:I200) -> 0.00085677781 | J207: =AVERAGE(J6:J200) -> 0.0014796397 | K207: =AVERAGE(K6:K200) -> 0.0038655873 | M207: Mean | N207: =E207*4 -> 0.007152072 | O207: =F207*4 -> 0.039317906 | P207: =G207*4 -> 0.010237417 | Q207: =H207*4 -> 0.010837393 | R207: =I207*4 -> 0.0034271113 | S207: =J207*4 -> 0.0059185589 | T207: =K207*4 -> 0.015462349 | V207: Mean | W207: =E207*52 -> 0.092976935 | X207: =F207*52 -> 0.51113278 | Y207: =G207*52 -> 0.13308642 | Z207: =H207*52 -> 0.14088611 | AA207: =I207*52 -> 0.044552446 | AB207: =J207*52 -> 0.076941266 | AC207: =K207*52 -> 0.20101054
D208: Variance | E208: =_xlfn.VAR.S(E6:E200) -> 0.001555022 | F208: =_xlfn.VAR.S(F6:F200) -> 0.0049013338 | G208: =_xlfn.VAR.S(G6:G200) -> 0.0011744357 | H208: =_xlfn.VAR.S(H6:H200) -> 0.0020062447 | I208: =_xlfn.VAR.S(I6:I200) -> 0.0068715595 | J208: =_xlfn.VAR.S(J6:J200) -> 0.0022646222 | K208: =_xlfn.VAR.S(K6:K200) -> 0.0037446711 | M208: Variance | N208: =E208*4 -> 0.0062200878 | O208: =F208*4 -> 0.019605335 | P208: =G208*4 -> 0.0046977426 | Q208: =H208*4 -> 0.0080249788 | R208: =I208*4 -> 0.027486238 | S208: =J208*4 -> 0.009058489 | T208: =K208*4 -> 0.014978684 | V208: Variance | W208: =E208*52 -> 0.080861142 | X208: =F208*52 -> 0.25486936 | Y208: =G208*52 -> 0.061070654 | Z208: =H208*52 -> 0.10432472 | AA208: =I208*52 -> 0.35732109 | AB208: =J208*52 -> 0.11776036 | AC208: =K208*52 -> 0.1947229
D209: Standard Deviation | E209: =SQRT(E208) -> 0.039433767 | F209: =SQRT(F208) -> 0.070009526 | G209: =SQRT(G208) -> 0.03427004 | H209: =SQRT(H208) -> 0.044791123 | I209: =SQRT(I208) -> 0.08289487 | J209: =SQRT(J208) -> 0.047588047 | K209: =SQRT(K208) -> 0.061193718 | M209: Standard Deviation | N209: =E209*4 -> 0.15773507 | O209: =F209*4 -> 0.28003811 | P209: =G209*4 -> 0.13708016 | Q209: =H209*4 -> 0.17916449 | R209: =I209*4 -> 0.33157948 | S209: =J209*4 -> 0.19035219 | T209: =K209*4 -> 0.24477487 | V209: Standard Deviation | W209: =E209*52 -> 2.0505559 | X209: =F209*52 -> 3.6404954 | Y209: =G209*52 -> 1.7820421 | Z209: =H209*52 -> 2.3291384 | AA209: =I209*52 -> 4.3105332 | AB209: =J209*52 -> 2.4745785 | AC209: =K209*52 -> 3.1820733

Sheet Standard Optimum Portfolio
C3: Variance Coveriance Matrix | O3: Matrix Inverse
D4: APPLE | E4: NVIDIA | F4: Microsoft | G4: GOOGLE | H4: TESLA | I4: AMAZON | J4: META | P4: APPLE | Q4: NVIDIA | R4: Microsoft | S4: GOOGLE | T4: TESLA | U4: AMAZON | V4: META
C5: APPLE | D5: {=MMULT(TRANSPOSE('Return of Top 7 Stocks'!N6:T200),'Return of Top 7 Stocks'!N6:T200)/(195-1)} -> 0.001555022 | E5: 0.0013271228 | F5: 0.00073193836 | G5: 0.00099369455 | H5: 0.0015952191 | I5: 0.00096416762 | J5: 0.0008936606 | O5: APPLE | P5: {=MINVERSE(_xlfn.ANCHORARRAY(D5))} -> 1153.9789 | Q5: -62.579473 | R5: -193.29947 | S5: -291.16076 | T5: -129.22965 | U5: -56.793519 | V5: -22.039232
C6: NVIDIA | D6: 0.0013271228 | E6: 0.0049013338 | F6: 0.0016247621 | G6: 0.0014361165 | H6: 0.002639285 | I6: 0.0019675215 | J6: 0.0018025164 | O6: NVIDIA | P6: -62.579473 | Q6: 423.90407 | R6: -401.89366 | S6: 40.732947 | T6: -51.180176 | U6: -132.0244 | V6: -2.9516782
C7: Microsoft | D7: 0.00073193836 | E7: 0.0016247621 | F7: 0.0011744357 | G7: 0.00092737939 | H7: 0.0012199969 | I7: 0.0010806625 | J7: 0.0012203674 | O7: Microsoft | P7: -193.29947 | Q7: -401.89366 | R7: 2400.5348 | S7: -307.68447 | T7: -34.470739 | U7: -298.91168 | V7: -306.78602
C8: GOOGLE | D8: 0.00099369455 | E8: 0.0014361165 | F8: 0.00092737939 | G8: 0.0020062447 | H8: 0.0014658289 | I8: 0.0013394594 | J8: 0.0012672062 | O8: GOOGLE | P8: -291.16076 | Q8: 40.732947 | R8: -307.68447 | S8: 1015.2792 | T8: -20.905612 | U8: -306.82044 | V8: -62.431117
C9: TESLA | D9: 0.0015952191 | E9: 0.002639285 | F9: 0.0012199969 | G9: 0.0014658289 | H9: 0.0068715595 | I9: 0.0017677302 | J9: 0.001119029 | O9: TESLA | P9: -129.22965 | Q9: -51.180176 | R9: -34.470739 | S9: -20.905612 | T9: 216.61349 | U9: -64.502476 | V9: 35.278279
C10: AMAZON | D10: 0.00096416762 | E10: 0.0019675215 | F10: 0.0010806625 | G10: 0.0013394594 | H10: 0.0017677302 | I10: 0.0022646222 | J10: 0.0015224701 | O10: AMAZON | P10: -56.793519 | Q10: -132.0244 | R10: -298.91168 | S10: -306.82044 | T10: -64.502476 | U10: 1038.7606 | V10: -124.70645
C11: META | D11: 0.0008936606 | E11: 0.0018025164 | F11: 0.0012203674 | G11: 0.0012672062 | H11: 0.001119029 | I11: 0.0015224701 | J11: 0.0037446711 | O11: META | P11: -22.039232 | Q11: -2.9516782 | R11: -306.78602 | S11: -62.431117 | T11: 35.278279 | U11: -124.70645 | V11: 434.99286
O13: Vector | P13: 1 | Q13: 1 | R13: 1 | S13: 1 | T13: 1 | U13: 1 | V13: 1
C15: Global Minimum Variance Portfolio
E17: Proportion | F17: {=MMULT(P13:V13,_xlfn.ANCHORARRAY(P5))/SUM(MMULT(P13:V13,_xlfn.ANCHORARRAY(P5)))} -> 0.36415654 | G17: -0.16980267 | H17: 0.78284862 | I17: 0.06117689 | J17: -0.044184179 | K17: 0.050213991 | L17: -0.044409191
E19: Exp Return | F19: =SUMPRODUCT(_xlfn.ANCHORARRAY(F17),'Return of Top 7 Stocks'!W207:AC207) -> 0.05284024
E20: Variance | F20: {=MMULT(_xlfn.ANCHORARRAY(F17),MMULT(_xlfn.ANCHORARRAY(D5),TRANSPOSE(_xlfn.ANCHORARRAY(F17))))} -> 0.000912955
E21: SD | F21: =SQRT(F20) -> 0.030215145
C28: Efficient Portfolio 1
D31: Mean (E®) | F31: S^-1*E® | H31: Allocated Weight
D32: ='Return of Top 7 Stocks'!W207 -> 0.092976935 | F32: {=MMULT(_xlfn.ANCHORARRAY(P5),D32:D38)} -> -5.9964232 | H32: =F32/SUM(_xlfn.ANCHORARRAY($F$32)) -> -0.10360408
D33: ='Return of Top 7 Stocks'!X207 -> 0.51113278 | F33: 150.07329 | H33: =F33/SUM(_xlfn.ANCHORARRAY($F$32)) -> 2.5929133
D34: ='Return of Top 7 Stocks'!Y207 -> 0.13308642 | F34: -33.464941 | H34: =F34/SUM(_xlfn.ANCHORARRAY($F$32)) -> -0.57819543
D35: ='Return of Top 7 Stocks'!Z207 -> 0.14088611 | F35: 58.750966 | H35: =F35/SUM(_xlfn.ANCHORARRAY($F$32)) -> 1.0150784
D36: ='Return of Top 7 Stocks'!AA207 -> 0.044552446 | F36: -33.929075 | H36: =F36/SUM(_xlfn.ANCHORARRAY($F$32)) -> -0.58621457
D37: ='Return of Top 7 Stocks'!AB207 -> 0.076941266 | F37: -103.78781 | H37: =F37/SUM(_xlfn.ANCHORARRAY($F$32)) -> -1.7932091
D38: ='Return of Top 7 Stocks'!AC207 -> 0.20101054 | F38: 26.232243 | H38: =F38/SUM(_xlfn.ANCHORARRAY($F$32)) -> 0.45323143
G40: Total | H40: =SUM(H32:H38) -> 1
E44: Exp Return | F44: =SUMPRODUCT(H32:H38,D32:D38) -> 1.3087659
E45: Variance | F45: {=MMULT(TRANSPOSE(H32:H38),MMULT(_xlfn.ANCHORARRAY(D5),H32:H38))} -> 0.022612395
E46: Std. Deviation | F46: =SQRT(F45) -> 0.15037418
E49: Sharpe Ratio | F49: =F44/F46 -> 8.703395

Sheet Data of High Volatile Stocks 
A1: High Volatile Stocks
A2: Price
A3: Date | B3: SNAP | C3: CRWD | D3: COIN | E3: UBER | F3: PLTR | G3: ROKU | H3: ZM
A4: 44570 | B4: 38.04 | C4: 176.7 | D4: 230.03 | E4: 41.51 | F4: 16.01 | G4: 167.48 | H4: 159.72
A5: 44577 | B5: 32.12 | C5: 164.73 | D5: 191.97 | E5: 35.94 | F5: 13.53 | G5: 152.13 | H5: 147.66
A6: 44584 | B6: 30.42 | C6: 168.9 | D6: 177.58 | E6: 35.21 | F6: 12.71 | G6: 151.23 | H6: 143.81
A7: 44591 | B7: 38.91 | C7: 177.21 | D7: 194.44 | E7: 37.05 | F7: 12.94 | G7: 158.73 | H7: 144.1
A8: 44598 | B8: 39.49 | C8: 181.86 | D8: 194.53 | E8: 35.29 | F8: 13.13 | G8: 163.94 | H8: 141.24
A9: 44605 | B9: 38.01 | C9: 164.93 | D9: 189.16 | E9: 34.68 | F9: 11.02 | G9: 112.46 | H9: 126.96
A10: 44612 | B10: 39.15 | C10: 181.75 | D10: 176.83 | E10: 34.98 | F10: 11.47 | G10: 139.61 | H10: 125.32
A11: 44619 | B11: 33.09 | C11: 179.03 | D11: 165.75 | E11: 29.83 | F11: 10.96 | G11: 121.5 | H11: 108.94
A12: 44626 | B12: 30.05 | C12: 190.54 | D12: 160.07 | E12: 30.76 | F12: 11.39 | G12: 103.85 | H12: 98.12
A13: 44633 | B13: 36 | C13: 208.06 | D13: 185.94 | E13: 33.36 | F13: 12.82 | G13: 124.85 | H13: 116.28
A14: 44640 | B14: 35.4 | C14: 221.95 | D14: 186.71 | E14: 34.06 | F14: 12.97 | G14: 123.75 | H14: 113.93
A15: 44647 | B15: 37.39 | C15: 227.85 | D15: 186.96 | E15: 35.98 | F15: 13.83 | G15: 125.56 | H15: 118.02
... A199: 45935 | B199: 7.78 | C199: 493.66 | D199: 357.01 | E199: 93.4 | F199: 175.44 | G199: 92.02 | H199: 80.28
A245: Combined Portfolio
D248: Returns | S248: Excess Returns
D249: APPLE | E249: NVIDIA | F249: Microsoft | G249: GOOGLE | H249: TESLA | I249: AMAZON | J249: META | K249: SNAP | L249: CRWD | M249: COIN | N249: UBER | O249: PLTR | P249: ROKU | Q249: ZM | S249: APPLE | T249: NVIDIA | U249: Microsoft | V249: GOOGLE | W249: TESLA | X249: AMAZON | Y249: META | Z249: SNAP | AA249: CRWD | AB249: COIN | AC249: UBER | AD249: PLTR | AE249: ROKU | AF249: ZM
D250: NA | E250: NA | F250: NA | G250: NA | H250: NA | I250: NA | J250: NA | K250: NA | L250: NA | M250: NA | N250: NA | O250: NA | P250: NA | Q250: NA
D251: -0.063572135 | E251: -0.14215902 | F251: -0.04675645 | G251: -0.067698081 | H251: -0.10616431 | I251: -0.12813619 | J251: -0.090540014 | K251: -0.16915935 | L251: -0.070145609 | M251: -0.18087063 | N251: -0.14408348 | O251: -0.16830408 | P251: -0.096128523 | Q251: -0.078509949 | S251: =IFERROR(D251-D$448,"NA") -> -0.065360153 | T251: =IFERROR(E251-E$448,"NA") -> -0.1519885 | U251: =IFERROR(F251-F$448,"NA") -> -0.049315804 | V251: =IFERROR(G251-G$448,"NA") -> -0.07040743 | W251: =IFERROR(H251-H$448,"NA") -> -0.10702109 | X251: =IFERROR(I251-I$448,"NA") -> -0.12961583 | Y251: =IFERROR(J251-J$448,"NA") -> -0.094405602 | Z251: =IFERROR(K251-K$448,"NA") -> -0.16102047 | ... AF251: =IFERROR(Q251-Q$448,"NA") -> -0.074982247
D252: 0.04761373 | E252: -0.022939764 | F252: 0.040482782 | G252: 0.02275411 | H252: -0.10906483 | I252: 0.0093504275 | J252: -0.0048274132 | K252: -0.054378602 | L252: 0.024999054 | M252: -0.077917898 | N252: -0.020520748 | O252: -0.062520357 | P252: -0.0059335617 | Q252: -0.02641935 | S252: =IFERROR(D252-D$448,"NA") -> 0.045825712 | T252: =IFERROR(E252-E$448,"NA") -> -0.03276924 | U252: =IFERROR(F252-F$448,"NA") -> 0.037923428 | V252: =IFERROR(G252-G$448,"NA") -> 0.020044762 | W252: =IFERROR(H252-H$448,"NA") -> -0.10992161 | X252: =IFERROR(I252-I$448,"NA") -> 0.0078707878 | Y252: =IFERROR(J252-J$448,"NA") -> -0.0086930005 | Z252: =IFERROR(K252-K$448,"NA") -> -0.046239721 | ... AF252: =IFERROR(Q252-Q$448,"NA") -> -0.022891648
D253: 0.01202162 | E253: 0.062785672 | F253: -0.0075545784 | G253: 0.071893298 | H253: 0.087020238 | I253: 0.090639551 | J253: -0.24102648 | K253: 0.246151 | L253: 0.048028646 | M253: 0.090702421 | N253: 0.050938219 | O253: 0.017934204 | P253: 0.048402789 | Q253: 0.0020145191 | S253: =IFERROR(D253-D$448,"NA") -> 0.010233602 | T253: =IFERROR(E253-E$448,"NA") -> 0.052956196 | U253: =IFERROR(F253-F$448,"NA") -> -0.010113933 | V253: =IFERROR(G253-G$448,"NA") -> 0.06918395 | W253: =IFERROR(H253-H$448,"NA") -> 0.086163461 | X253: =IFERROR(I253-I$448,"NA") -> 0.089159912 | Y253: =IFERROR(J253-J$448,"NA") -> -0.24489206 | Z253: =IFERROR(K253-K$448,"NA") -> 0.25428988 | ... AF253: =IFERROR(Q253-Q$448,"NA") -> 0.0055422204
D254: -0.021993087 | E254: -0.015330733 | F254: -0.036278064 | G254: -0.064943377 | H254: -0.071021022 | I254: -0.0279824 | J254: -0.076859819 | K254: 0.014796188 | L254: 0.02590169 | M254: 0.00046276063 | N254: -0.048668714 | O254: 0.014576399 | P254: 0.032295862 | Q254: -0.020046932 | S254: =IFERROR(D254-D$448,"NA") -> -0.023781105 | T254: =IFERROR(E254-E$448,"NA") -> -0.02516021 | U254: =IFERROR(F254-F$448,"NA") -> -0.038837418 | V254: =IFERROR(G254-G$448,"NA") -> -0.067652725 | W254: =IFERROR(H254-H$448,"NA") -> -0.0718778 | X254: =IFERROR(I254-I$448,"NA") -> -0.02946204 | Y254: =IFERROR(J254-J$448,"NA") -> -0.080725406 | Z254: =IFERROR(K254-K$448,"NA") -> 0.02293507 | ... AF254: =IFERROR(Q254-Q$448,"NA") -> -0.016519231
D255: -0.0079776574 | E255: -0.013028131 | F255: -0.024393545 | G255: -0.029320523 | H255: -0.003529436 | I255: -0.0045114333 | J255: -0.062927431 | K255: -0.038198192 | L255: -0.097716019 | M255: -0.027993175 | N255: -0.017436486 | O255: -0.17518788 | P255: -0.3769029 | Q255: -0.10658849 | S255: =IFERROR(D255-D$448,"NA") -> -0.0097656753 | T255: =IFERROR(E255-E$448,"NA") -> -0.022857608 | U255: =IFERROR(F255-F$448,"NA") -> -0.026952899 | V255: =IFERROR(G255-G$448,"NA") -> -0.032029871 | W255: =IFERROR(H255-H$448,"NA") -> -0.0043862138 | X255: =IFERROR(I255-I$448,"NA") -> -0.005991073 | Y255: =IFERROR(J255-J$448,"NA") -> -0.066793018 | Z255: =IFERROR(K255-K$448,"NA") -> -0.030059311 | ... AF255: =IFERROR(Q255-Q$448,"NA") -> -0.10306079
D256: -0.014752638 | E256: 0.021758181 | F256: 0.03205797 | G256: 0.030660108 | H256: -0.056528493 | I256: 0.0077679166 | J256: 0.02073807 | K256: 0.029551139 | L256: 0.097110975 | M256: -0.067404399 | N256: 0.0086133177 | O256: 0.040023127 | P256: 0.21625522 | Q256: -0.01300161 | S256: =IFERROR(D256-D$448,"NA") -> -0.016540656 | T256: =IFERROR(E256-E$448,"NA") -> 0.011928704 | U256: =IFERROR(F256-F$448,"NA") -> 0.029498616 | V256: =IFERROR(G256-G$448,"NA") -> 0.027950759 | W256: =IFERROR(H256-H$448,"NA") -> -0.05738527 | X256: =IFERROR(I256-I$448,"NA") -> 0.0062882769 | Y256: =IFERROR(J256-J$448,"NA") -> 0.016872483 | Z256: =IFERROR(K256-K$448,"NA") -> 0.037690021 | ... AF256: =IFERROR(Q256-Q$448,"NA") -> -0.0094739088
D257: -0.010243367 | E257: -0.051816261 | F257: -0.025377318 | G257: -0.019146885 | H257: 0.034478014 | I257: -0.054450212 | J257: -0.050773315 | K257: -0.1681693 | L257: -0.015078727 | M257: -0.06470819 | N257: -0.15926187 | O257: -0.04548265 | P257: -0.13893856 | Q257: -0.14007319 | S257: =IFERROR(D257-D$448,"NA") -> -0.012031385 | T257: =IFERROR(E257-E$448,"NA") -> -0.061645738 | U257: =IFERROR(F257-F$448,"NA") -> -0.027936672 | V257: =IFERROR(G257-G$448,"NA") -> -0.021856234 | W257: =IFERROR(H257-H$448,"NA") -> 0.033621236 | X257: =IFERROR(I257-I$448,"NA") -> -0.055929852 | Y257: =IFERROR(J257-J$448,"NA") -> -0.054638902 | Z257: =IFERROR(K257-K$448,"NA") -> -0.16003042 | ... AF257: =IFERROR(Q257-Q$448,"NA") -> -0.13654549
D258: -0.05311094 | E258: -0.037304503 | F258: -0.034358476 | G258: -0.015585922 | H258: -0.05256926 | I258: -0.0008242891 | J258: -0.064251982 | K258: -0.096368461 | L258: 0.062308757 | M258: -0.03486941 | N258: 0.030700546 | O258: 0.038483496 | P258: -0.15696671 | Q258: -0.10460605 | S258: =IFERROR(D258-D$448,"NA") -> -0.054898958 | T258: =IFERROR(E258-E$448,"NA") -> -0.04713398 | U258: =IFERROR(F258-F$448,"NA") -> -0.03691783 | V258: =IFERROR(G258-G$448,"NA") -> -0.01829527 | W258: =IFERROR(H258-H$448,"NA") -> -0.053426038 | X258: =IFERROR(I258-I$448,"NA") -> -0.0023039288 | Y258: =IFERROR(J258-J$448,"NA") -> -0.068117569 | Z258: =IFERROR(K258-K$448,"NA") -> -0.088229579 | ... AF258: =IFERROR(Q258-Q$448,"NA") -> -0.10107835
D259: 0.058062807 | E259: 0.17967855 | F259: 0.07017521 | G259: 0.047076361 | H259: 0.12958199 | I259: 0.10264242 | J259: 0.14317902 | K259: 0.18065628 | L259: 0.087964353 | M259: 0.14981282 | N259: 0.081142433 | O259: 0.11827067 | P259: 0.18416547 | Q259: 0.16980986 | S259: =IFERROR(D259-D$448,"NA") -> 0.056274789 | T259: =IFERROR(E259-E$448,"NA") -> 0.16984907 | U259: =IFERROR(F259-F$448,"NA") -> 0.067615856 | V259: =IFERROR(G259-G$448,"NA") -> 0.044367013 | W259: =IFERROR(H259-H$448,"NA") -> 0.12872521 | X259: =IFERROR(I259-I$448,"NA") -> 0.10116278 | Y259: =IFERROR(J259-J$448,"NA") -> 0.13931343 | Z259: =IFERROR(K259-K$448,"NA") -> 0.18879516 | ... AF259: =IFERROR(Q259-Q$448,"NA") -> 0.17333756
D260: 0.063440223 | E260: 0.045815179 | F260: 0.010759734 | G260: 0.039890098 | H260: 0.10996224 | I260: 0.021594606 | J260: 0.024321885 | K260: -0.016807118 | L260: 0.064625632 | M260: 0.0041325699 | N260: 0.020766098 | O260: 0.011632547 | P260: -0.0088496153 | Q260: -0.020416851 | S260: =IFERROR(D260-D$448,"NA") -> 0.061652205 | T260: =IFERROR(E260-E$448,"NA") -> 0.035985702 | U260: =IFERROR(F260-F$448,"NA") -> 0.0082003795 | V260: =IFERROR(G260-G$448,"NA") -> 0.03718075 | W260: =IFERROR(H260-H$448,"NA") -> 0.10910546 | X260: =IFERROR(I260-I$448,"NA") -> 0.020114967 | Y260: =IFERROR(J260-J$448,"NA") -> 0.020456298 | Z260: =IFERROR(K260-K$448,"NA") -> -0.0086682368 | ... AF260: =IFERROR(Q260-Q$448,"NA") -> -0.01688915
D261: -0.0023493693 | E261: -0.03603331 | F261: 0.018725062 | G261: -0.010787132 | H261: 0.070618242 | I261: -0.0073706666 | J261: 0.013567271 | K261: 0.054691469 | L261: 0.026235386 | M261: 0.0013380793 | N261: 0.054839553 | O261: 0.064201147 | P261: 0.014520331 | Q261: 0.035269877 | S261: =IFERROR(D261-D$448,"NA") -> -0.0041373873 | T261: =IFERROR(E261-E$448,"NA") -> -0.045862787 | U261: =IFERROR(F261-F$448,"NA") -> 0.016165708 | V261: =IFERROR(G261-G$448,"NA") -> -0.01349648 | W261: =IFERROR(H261-H$448,"NA") -> 0.069761464 | X261: =IFERROR(I261-I$448,"NA") -> -0.0088503063 | Y261: =IFERROR(J261-J$448,"NA") -> 0.0097016837 | Z261: =IFERROR(K261-K$448,"NA") -> 0.06283035 | ... AF261: =IFERROR(Q261-Q$448,"NA") -> 0.038797578
D262: -0.024507615 | E262: -0.14433998 | F262: -0.041068454 | G262: -0.050186072 | H262: -0.056031488 | I262: -0.057244732 | J262: -0.011270749 | K262: -0.04709329 | L262: -0.043229616 | M262: -0.14986307 | N262: -0.11566605 | O262: -0.085238152 | P262: -0.090115033 | Q262: -0.062225207 | S262: =IFERROR(D262-D$448,"NA") -> -0.026295632 | T262: =IFERROR(E262-E$448,"NA") -> -0.15416946 | U262: =IFERROR(F262-F$448,"NA") -> -0.043627808 | V262: =IFERROR(G262-G$448,"NA") -> -0.05289542 | W262: =IFERROR(H262-H$448,"NA") -> -0.056888266 | X262: =IFERROR(I262-I$448,"NA") -> -0.058724372 | Y262: =IFERROR(J262-J$448,"NA") -> -0.015136336 | Z262: =IFERROR(K262-K$448,"NA") -> -0.038954408 | ... AF262: =IFERROR(Q262-Q$448,"NA") -> -0.058697506
... D445: -0.050677457 | E445: -0.024058553 | F445: -0.012428319 | G445: -0.036441615 | H445: -0.038756451 | I445: -0.014407884 | J445: -0.0074301473 | K445: -0.09320467 | L445: 0.007686558 | M445: -0.06246009 | N445: -0.033687396 | O445: 0.013600967 | P445: -0.12094161 | Q445: -0.0084346816 | S445: =IFERROR(D445-D$448,"NA") -> -0.052465475 | T445: =IFERROR(E445-E$448,"NA") -> -0.033888029 | U445: =IFERROR(F445-F$448,"NA") -> -0.014987673 | V445: =IFERROR(G445-G$448,"NA") -> -0.039150964 | W445: =IFERROR(H445-H$448,"NA") -> -0.039613229 | X445: =IFERROR(I445-I$448,"NA") -> -0.015887524 | Y445: =IFERROR(J445-J$448,"NA") -> -0.011295735 | Z445: =IFERROR(K445-K$448,"NA") -> -0.085065788 | ... AF445: =IFERROR(Q445-Q$448,"NA") -> -0.0049069803
C448: Mean | D448: =AVERAGE(D250:D445) -> 0.001788018 | E448: =AVERAGE(E250:E445) -> 0.0098294765 | F448: =AVERAGE(F250:F445) -> 0.0025593541 | G448: =AVERAGE(G250:G445) -> 0.0027093483 | H448: =AVERAGE(H250:H445) -> 0.00085677781 | I448: =AVERAGE(I250:I445) -> 0.0014796397 | J448: =AVERAGE(J250:J445) -> 0.0038655873 | K448: =AVERAGE(K250:K445) -> -0.0081388815 | ... Q448: =AVERAGE(Q250:Q445) -> -0.0035277013
C452: Variance Covariance Matrix | S452: Matrix Inverse
C453: APPLE | D453: NVIDIA | E453: Microsoft | F453: GOOGLE | G453: TESLA | H453: AMAZON | I453: META | J453: SNAP | K453: CRWD | L453: COIN | M453: UBER | N453: PLTR | O453: ROKU | P453: ZM | S453: APPLE | T453: NVIDIA | U453: Microsoft | V453: GOOGLE | W453: TESLA | X453: AMAZON | Y453: META | Z453: SNAP | AA453: CRWD | AB453: COIN | AC453: UBER | AD453: PLTR | AE453: ROKU | AF453: ZM
B454: APPLE | C454: {=MMULT(TRANSPOSE(S251:AF445),S251:AF445)/(195-1)} -> 0.001555022 | D454: 0.0013271228 | E454: 0.00073193836 | F454: 0.00099369455 | G454: 0.0015952191 | H454: 0.00096416762 | I454: 0.0008936606 | J454: 0.00088699317 | K454: 0.0011642862 | L454: 0.0019189196 | M454: 0.0008440183 | N454: 0.0013833051 | O454: 0.0017947577 | P454: 0.00096854881 | R454: APPLE | S454: {=MINVERSE(_xlfn.ANCHORARRAY(C454))} -> 1217.7245 | T454: -46.982916 | U454: -205.03189 | V454: -286.6689 | W454: -142.09732 | X454: -35.640189 | Y454: 8.905645 | Z454: 10.714757 | AA454: -28.894993 | AB454: 21.107443 | AC454: -60.115928 | AD454: 57.310383 | AE454: -76.658193 | AF454: -52.185963
B455: NVIDIA | C455: 0.0013271228 | D455: 0.0049013338 | E455: 0.0016247621 | F455: 0.0014361165 | G455: 0.002639285 | H455: 0.0019675215 | I455: 0.0018025164 | J455: 0.0017558338 | K455: 0.0025179258 | L455: 0.0044075716 | M455: 0.0020872362 | N455: 0.0034933286 | O455: 0.0031054125 | P455: 0.0016791968 | R455: NVIDIA | S455: -46.982916 | T455: 476.75108 | U455: -419.87597 | V455: 47.220415 | W455: -33.382398 | X455: -63.17326 | Y455: 11.19126 | Z455: -14.470596 | AA455: -19.253136 | AB455: -13.191315 | AC455: -71.770646 | AD455: -52.754654 | AE455: -8.0697122 | AF455: 13.951578
B456: Microsoft | C456: 0.00073193836 | D456: 0.0016247621 | E456: 0.0011744357 | F456: 0.00092737939 | G456: 0.0012199969 | H456: 0.0010806625 | I456: 0.0012203674 | J456: 0.00074103176 | K456: 0.0012524328 | L456: 0.001948415 | M456: 0.00083876755 | N456: 0.0014271644 | O456: 0.001401944 | P456: 0.00084476782 | R456: Microsoft | S456: -205.03189 | T456: -419.87597 | U456: 2474.121 | V456: -310.65715 | W456: -33.858148 | X456: -296.95433 | Y456: -325.07516 | Z456: 38.027697 | AA456: -127.85874 | AB456: -17.89085 | AC456: 46.488226 | AD456: 49.360415 | AE456: 59.343559 | AF456: -61.82202
B457: GOOGLE | C457: 0.00099369455 | D457: 0.0014361165 | E457: 0.00092737939 | F457: 0.0020062447 | G457: 0.0014658289 | H457: 0.0013394594 | I457: 0.0012672062 | J457: 0.0012628897 | K457: 0.0014253139 | L457: 0.0022999812 | M457: 0.00078200912 | N457: 0.0017282905 | O457: 0.0019446031 | P457: 0.001081156 | R457: GOOGLE | S457: -286.6689 | T457: 47.220415 | U457: -310.65715 | V457: 1068.1534 | W457: 6.0191348 | X457: -293.90451 | Y457: -64.090318 | Z457: -39.447522 | AA457: -30.260643 | AB457: -9.5760723 | AC457: 112.38326 | AD457: -28.035688 | AE457: -21.878795 | AF457: -49.649383
B458: TESLA | C458: 0.0015952191 | D458: 0.002639285 | E458: 0.0012199969 | F458: 0.0014658289 | G458: 0.0068715595 | H458: 0.0017677302 | I458: 0.001119029 | J458: 0.001464009 | K458: 0.0021592934 | L458: 0.0050752838 | M458: 0.0011670307 | N458: 0.0037896956 | O458: 0.0029959187 | P458: 0.0018494148 | R458: TESLA | S458: -142.09732 | T458: -33.382398 | U458: -33.858148 | V458: 6.0191348 | W458: 252.71514 | X458: -40.902005 | Y458: 33.308681 | Z458: -1.5283551 | AA458: -1.8856139 | AB458: -36.633339 | AC458: 65.623151 | AD458: -53.279997 | AE458: 8.7579601 | AF458: -34.024073
B459: AMAZON | C459: 0.00096416762 | D459: 0.0019675215 | E459: 0.0010806625 | F459: 0.0013394594 | G459: 0.0017677302 | H459: 0.0022646222 | I459: 0.0015224701 | J459: 0.0014254338 | K459: 0.0018245292 | L459: 0.0030980421 | M459: 0.0013956086 | N459: 0.0022864685 | O459: 0.0021715951 | P459: 0.0012718169 | R459: AMAZON | S459: -35.640189 | T459: -63.17326 | U459: -296.95433 | V459: -293.90451 | W459: -40.902005 | X459: 1148.5603 | Y459: -116.86745 | Z459: -33.359009 | AA459: -66.108912 | AB459: -30.504374 | AC459: -94.25878 | AD459: -42.316762 | AE459: 27.917523 | AF459: -37.139378
B460: META | C460: 0.0008936606 | D460: 0.0018025164 | E460: 0.0012203674 | F460: 0.0012672062 | G460: 0.001119029 | H460: 0.0015224701 | I460: 0.0037446711 | J460: 0.00089148124 | K460: 0.0015640111 | L460: 0.0024427294 | M460: 0.0013235843 | N460: 0.0018743211 | O460: 0.0025187149 | P460: 0.0011655968 | R460: META | S460: 8.905645 | T460: 11.19126 | U460: -325.07516 | V460: -64.090318 | W460: 33.308681 | X460: -116.86745 | Y460: 457.98036 | Z460: 20.496309 | AA460: 2.9654349 | AB460: 7.4670465 | AC460: -35.876626 | AD460: 10.250983 | AE460: -58.725173 | AF460: 9.0063445
B461: SNAP | C461: 0.00088699317 | D461: 0.0017558338 | E461: 0.00074103176 | F461: 0.0012628897 | G461: 0.001464009 | H461: 0.0014254338 | I461: 0.00089148124 | J461: 0.0094381039 | K461: 0.002315457 | L461: 0.0037599931 | M461: 0.0015440185 | N461: 0.0012471034 | O461: 0.0033082391 | P461: 0.0013680207 | R461: SNAP | S461: 10.714757 | T461: -14.470596 | U461: 38.027697 | V461: -39.447522 | W461: -1.5283551 | X461: -33.359009 | Y461: 20.496309 | Z461: 138.45794 | AA461: -48.57767 | AB461: -13.322872 | AC461: -11.180977 | AD461: 43.089077 | AE461: -33.543827 | AF461: -0.4752852
B462: CRWD | C462: 0.0011642862 | D462: 0.0025179258 | E462: 0.0012524328 | F462: 0.0014253139 | G462: 0.0021592934 | H462: 0.0018245292 | I462: 0.0015640111 | J462: 0.002315457 | K462: 0.0048007587 | L462: 0.0037986977 | M462: 0.0020580368 | N462: 0.0036334587 | O462: 0.0031261637 | P462: 0.0016730783 | R462: CRWD | S462: -28.894993 | T462: -19.253136 | U462: -127.85874 | V462: -30.260643 | W462: -1.8856139 | X462: -66.108912 | Y462: 2.9654349 | Z462: -48.57767 | AA462: 409.62349 | AB462: 9.6492131 | AC462: -68.977408 | AD462: -87.184915 | AE462: -3.4790264 | AF462: -9.339034
B463: COIN | C463: 0.0019189196 | D463: 0.0044075716 | E463: 0.001948415 | F463: 0.0022999812 | G463: 0.0050752838 | H463: 0.0030980421 | I463: 0.0024427294 | J463: 0.0037599931 | K463: 0.0037986977 | L463: 0.016775544 | M463: 0.0038789751 | N463: 0.006280371 | O463: 0.0064787934 | P463: 0.0033662724 | R463: COIN | S463: 21.107443 | T463: -13.191315 | U463: -17.89085 | V463: -9.5760723 | W463: -36.633339 | X463: -30.504374 | Y463: 7.4670465 | Z463: -13.322872 | AA463: 9.6492131 | AB463: 110.99921 | AC463: -47.453734 | AD463: -21.070403 | AE463: -21.773732 | AF463: -16.176102
B464: UBER | C464: 0.0008440183 | D464: 0.0020872362 | E464: 0.00083876755 | F464: 0.00078200912 | G464: 0.0011670307 | H464: 0.0013956086 | I464: 0.0013235843 | J464: 0.0015440185 | K464: 0.0020580368 | L464: 0.0038789751 | M464: 0.0038176522 | N464: 0.0026607828 | O464: 0.0027435416 | P464: 0.001559943 | R464: UBER | S464: -60.115928 | T464: -71.770646 | U464: 46.488226 | V464: 112.38326 | W464: 65.623151 | X464: -94.25878 | Y464: -35.876626 | Z464: -11.180977 | AA464: -68.977408 | AB464: -47.453734 | AC464: 464.00724 | AD464: -33.013231 | AE464: -15.952196 | AF464: -77.185287
B465: PLTR | C465: 0.0013833051 | D465: 0.0034933286 | E465: 0.0014271644 | F465: 0.0017282905 | G465: 0.0037896956 | H465: 0.0022864685 | I465: 0.0018743211 | J465: 0.0012471034 | K465: 0.0036334587 | L465: 0.006280371 | M465: 0.0026607828 | N465: 0.0088230143 | O465: 0.0050216597 | P465: 0.002503977 | R465: PLTR | S465: 57.310383 | T465: -52.754654 | U465: 49.360415 | V465: -28.035688 | W465: -53.279997 | X465: -42.316762 | Y465: 10.250983 | Z465: 43.089077 | AA465: -87.184915 | AB465: -21.070403 | AC465: -33.013231 | AD465: 246.93173 | AE465: -54.58985 | AF465: -23.50502
B466: ROKU | C466: 0.0017947577 | D466: 0.0031054125 | E466: 0.001401944 | F466: 0.0019446031 | G466: 0.0029959187 | H466: 0.0021715951 | I466: 0.0025187149 | J466: 0.0033082391 | K466: 0.0031261637 | L466: 0.0064787934 | M466: 0.0027435416 | N466: 0.0050216597 | O466: 0.0098250112 | P466: 0.0031733373 | R466: ROKU | S466: -76.658193 | T466: -8.0697122 | U466: 59.343559 | V466: -21.878795 | W466: 8.7579601 | X466: 27.917523 | Y466: -58.725173 | Z466: -33.543827 | AA466: -3.4790264 | AB466: -21.773732 | AC466: -15.952196 | AD466: -54.58985 | AE466: 210.94816 | AF466: -97.284382
B467: ZM | C467: 0.00096854881 | D467: 0.0016791968 | E467: 0.00084476782 | F467: 0.001081156 | G467: 0.0018494148 | H467: 0.0012718169 | I467: 0.0011655968 | J467: 0.0013680207 | K467: 0.0016730783 | L467: 0.0033662724 | M467: 0.001559943 | N467: 0.002503977 | O467: 0.0031733373 | P467: 0.0031326741 | R467: ZM | S467: -52.185963 | T467: 13.951578 | U467: -61.82202 | V467: -49.649383 | W467: -34.024073 | X467: -37.139378 | Y467: 9.0063445 | Z467: -0.4752852 | AA467: -9.339034 | AB467: -16.176102 | AC467: -77.185287 | AD467: -23.50502 | AE467: -97.284382 | AF467: 571.83977
R469: Vector | S469: 1 | T469: 1 | U469: 1 | V469: 1 | W469: 1 | X469: 1 | Y469: 1 | Z469: 1 | AA469: 1 | AB469: 1 | AC469: 1 | AD469: 1 | AE469: 1 | AF469: 1
R471: GMVP | S471: {=MMULT(S469:AF469,_xlfn.ANCHORARRAY(S454))/SUM(MMULT(S469:AF469,_xlfn.ANCHORARRAY(S454)))} -> 0.29977404 | T471: -0.15229712 | U471: 0.68232772 | V471: 0.078271874 | W471: -0.0087752328 | X471: 0.019919232 | Y471: -0.030695647 | Z471: 0.043124727 | AA471: -0.054677867 | AB471: -0.06158346 | AC471: 0.13572197 | AD471: 0.0087947845 | AE471: -0.066783768 | AF471: 0.10687876
A473: 1) | B473: Base Scenario
R474: Mean | S474: =SUMPRODUCT(_xlfn.ANCHORARRAY(S471),D448:Q448) -> 0.00062327036
R475: Variance | S475: {=MMULT(_xlfn.ANCHORARRAY(S471),MMULT(_xlfn.ANCHORARRAY(C454),TRANSPOSE(_xlfn.ANCHORARRAY(S471))))} -> 0.00078580521
B476: Stocks | C476: Mean | E476: S^-1(E(r)) | G476: Weights | R476: Std. Deviation | S476: =SQRT(S475) -> 0.028032217
B478: APPLE | C478: 0.001788018 | E478: {=MMULT(_xlfn.ANCHORARRAY(S454),C478:C491)} -> 0.95527112 | G478: =E478/SUM(_xlfn.ANCHORARRAY($E$478)) -> 1.2043843
B479: NVIDIA | C479: 0.0098294765 | E479: 2.592721 | G479: =E479/SUM(_xlfn.ANCHORARRAY($E$478)) -> 3.2688441
B480: Microsoft | C480: 0.0025593541 | E480: -0.91657785 | G480: =E480/SUM(_xlfn.ANCHORARRAY($E$478)) -> -1.1556007
B481: GOOGLE | C481: 0.0027093483 | E481: 1.8785873 | G481: =E481/SUM(_xlfn.ANCHORARRAY($E$478)) -> 2.3684805
B482: TESLA | C482: 0.00085677781 | E482: -0.73596093 | G482: =E482/SUM(_xlfn.ANCHORARRAY($E$478)) -> -0.92788294
B483: AMAZON | C483: 0.0014796397 | E483: -2.0401557 | G483: =E483/SUM(_xlfn.ANCHORARRAY($E$478)) -> -2.5721823
B484: META | C484: 0.0038655873 | E484: 0.73715036 | G484: =E484/SUM(_xlfn.ANCHORARRAY($E$478)) -> 0.92938255
B485: SNAP | C485: -0.0081388815 | E485: -0.92972125 | G485: =E485/SUM(_xlfn.ANCHORARRAY($E$478)) -> -1.1721716
B486: CRWD | C486: 0.0052686853 | E486: 0.52356019 | G486: =E486/SUM(_xlfn.ANCHORARRAY($E$478)) -> 0.66009288
B487: COIN | C487: 0.0022541234 | E487: -0.133941 | G487: =E487/SUM(_xlfn.ANCHORARRAY($E$478)) -> -0.16886979
B488: UBER | C488: 0.0041587538 | E488: 0.85484771 | G488: =E488/SUM(_xlfn.ANCHORARRAY($E$478)) -> 1.0777727
B489: PLTR | C489: 0.012277352 | E489: 1.8530566 | G489: =E489/SUM(_xlfn.ANCHORARRAY($E$478)) -> 2.3362919
B490: ROKU | C490: -0.0030710666 | E490: -1.1375861 | G490: =E490/SUM(_xlfn.ANCHORARRAY($E$478)) -> -1.4342429
B491: ZM | C491: -0.0035277013 | E491: -2.70809 | G491: =E491/SUM(_xlfn.ANCHORARRAY($E$478)) -> -3.4142988
F493: Sum | G493: =SUM(G478:G491) -> 1
C496: Mean | D496: =SUMPRODUCT(G478:G491,C478:C491) -> 0.098987936
C497: Variance | D497: {=MMULT(TRANSPOSE(G478:G491),MMULT(_xlfn.ANCHORARRAY(C454),G478:G491))} -> 0.12480176
C498: Std. Deviation | D498: =SQRT(D497) -> 0.35327292
C501: Sharpie Ratio | D501: =D496/D498 -> 0.28020244
A510: 2)

Sheet Return of volatile stocks
E4: Return | N4: Excess Return
E5: SNAP | F5: CRWD | G5: COIN | H5: UBER | I5: PLTR | J5: ROKU | K5: ZM | N5: SNAP | O5: CRWD | P5: COIN | Q5: UBER | R5: PLTR | S5: ROKU | T5: ZM
E6: =LN('Data of High Volatile Stocks '!B5/'Data of High Volatile Stocks '!B4) -> -0.16915935 | F6: =LN('Data of High Volatile Stocks '!C5/'Data of High Volatile Stocks '!C4) -> -0.070145609 | G6: =LN('Data of High Volatile Stocks '!D5/'Data of High Volatile Stocks '!D4) -> -0.18087063 | H6: =LN('Data of High Volatile Stocks '!E5/'Data of High Volatile Stocks '!E4) -> -0.14408348 | I6: =LN('Data of High Volatile Stocks '!F5/'Data of High Volatile Stocks '!F4) -> -0.16830408 | J6: =LN('Data of High Volatile Stocks '!G5/'Data of High Volatile Stocks '!G4) -> -0.096128523 | K6: =LN('Data of High Volatile Stocks '!H5/'Data of High Volatile Stocks '!H4) -> -0.078509949 | N6: =E6-E$202 -> -0.16102047 | O6: =F6-F$202 -> -0.075414295 | P6: =G6-G$202 -> -0.18312475 | Q6: =H6-H$202 -> -0.14824223 | R6: =I6-I$202 -> -0.18058144 | S6: =J6-J$202 -> -0.093057456 | T6: =K6-K$202 -> -0.074982247
E7: =LN('Data of High Volatile Stocks '!B6/'Data of High Volatile Stocks '!B5) -> -0.054378602 | F7: =LN('Data of High Volatile Stocks '!C6/'Data of High Volatile Stocks '!C5) -> 0.024999054 | G7: =LN('Data of High Volatile Stocks '!D6/'Data of High Volatile Stocks '!D5) -> -0.077917898 | H7: =LN('Data of High Volatile Stocks '!E6/'Data of High Volatile Stocks '!E5) -> -0.020520748 | I7: =LN('Data of High Volatile Stocks '!F6/'Data of High Volatile Stocks '!F5) -> -0.062520357 | J7: =LN('Data of High Volatile Stocks '!G6/'Data of High Volatile Stocks '!G5) -> -0.0059335617 | K7: =LN('Data of High Volatile Stocks '!H6/'Data of High Volatile Stocks '!H5) -> -0.02641935 | N7: =E7-E$202 -> -0.046239721 | O7: =F7-F$202 -> 0.019730369 | P7: =G7-G$202 -> -0.080172022 | Q7: =H7-H$202 -> -0.024679502 | R7: =I7-I$202 -> -0.074797709 | S7: =J7-J$202 -> -0.0028624951 | T7: =K7-K$202 -> -0.022891648
E8: =LN('Data of High Volatile Stocks '!B7/'Data of High Volatile Stocks '!B6) -> 0.246151 | F8: =LN('Data of High Volatile Stocks '!C7/'Data of High Volatile Stocks '!C6) -> 0.048028646 | G8: =LN('Data of High Volatile Stocks '!D7/'Data of High Volatile Stocks '!D6) -> 0.090702421 | H8: =LN('Data of High Volatile Stocks '!E7/'Data of High Volatile Stocks '!E6) -> 0.050938219 | I8: =LN('Data of High Volatile Stocks '!F7/'Data of High Volatile Stocks '!F6) -> 0.017934204 | J8: =LN('Data of High Volatile Stocks '!G7/'Data of High Volatile Stocks '!G6) -> 0.048402789 | K8: =LN('Data of High Volatile Stocks '!H7/'Data of High Volatile Stocks '!H6) -> 0.0020145191 | N8: =E8-E$202 -> 0.25428988 | O8: =F8-F$202 -> 0.042759961 | P8: =G8-G$202 -> 0.088448297 | Q8: =H8-H$202 -> 0.046779465 | R8: =I8-I$202 -> 0.0056568522 | S8: =J8-J$202 -> 0.051473855 | T8: =K8-K$202 -> 0.0055422204
E9: =LN('Data of High Volatile Stocks '!B8/'Data of High Volatile Stocks '!B7) -> 0.014796188 | F9: =LN('Data of High Volatile Stocks '!C8/'Data of High Volatile Stocks '!C7) -> 0.02590169 | G9: =LN('Data of High Volatile Stocks '!D8/'Data of High Volatile Stocks '!D7) -> 0.00046276063 | H9: =LN('Data of High Volatile Stocks '!E8/'Data of High Volatile Stocks '!E7) -> -0.048668714 | I9: =LN('Data of High Volatile Stocks '!F8/'Data of High Volatile Stocks '!F7) -> 0.014576399 | J9: =LN('Data of High Volatile Stocks '!G8/'Data of High Volatile Stocks '!G7) -> 0.032295862 | K9: =LN('Data of High Volatile Stocks '!H8/'Data of High Volatile Stocks '!H7) -> -0.020046932 | N9: =E9-E$202 -> 0.02293507 | O9: =F9-F$202 -> 0.020633005 | P9: =G9-G$202 -> -0.0017913627 | Q9: =H9-H$202 -> -0.052827468 | R9: =I9-I$202 -> 0.0022990476 | S9: =J9-J$202 -> 0.035366928 | T9: =K9-K$202 -> -0.016519231
E10: =LN('Data of High Volatile Stocks '!B9/'Data of High Volatile Stocks '!B8) -> -0.038198192 | F10: =LN('Data of High Volatile Stocks '!C9/'Data of High Volatile Stocks '!C8) -> -0.097716019 | G10: =LN('Data of High Volatile Stocks '!D9/'Data of High Volatile Stocks '!D8) -> -0.027993175 | H10: =LN('Data of High Volatile Stocks '!E9/'Data of High Volatile Stocks '!E8) -> -0.017436486 | I10: =LN('Data of High Volatile Stocks '!F9/'Data of High Volatile Stocks '!F8) -> -0.17518788 | J10: =LN('Data of High Volatile Stocks '!G9/'Data of High Volatile Stocks '!G8) -> -0.3769029 | K10: =LN('Data of High Volatile Stocks '!H9/'Data of High Volatile Stocks '!H8) -> -0.10658849 | N10: =E10-E$202 -> -0.030059311 | O10: =F10-F$202 -> -0.1029847 | P10: =G10-G$202 -> -0.030247298 | Q10: =H10-H$202 -> -0.02159524 | R10: =I10-I$202 -> -0.18746524 | S10: =J10-J$202 -> -0.37383184 | T10: =K10-K$202 -> -0.10306079
E11: =LN('Data of High Volatile Stocks '!B10/'Data of High Volatile Stocks '!B9) -> 0.029551139 | F11: =LN('Data of High Volatile Stocks '!C10/'Data of High Volatile Stocks '!C9) -> 0.097110975 | G11: =LN('Data of High Volatile Stocks '!D10/'Data of High Volatile Stocks '!D9) -> -0.067404399 | H11: =LN('Data of High Volatile Stocks '!E10/'Data of High Volatile Stocks '!E9) -> 0.0086133177 | I11: =LN('Data of High Volatile Stocks '!F10/'Data of High Volatile Stocks '!F9) -> 0.040023127 | J11: =LN('Data of High Volatile Stocks '!G10/'Data of High Volatile Stocks '!G9) -> 0.21625522 | K11: =LN('Data of High Volatile Stocks '!H10/'Data of High Volatile Stocks '!H9) -> -0.01300161 | N11: =E11-E$202 -> 0.037690021 | O11: =F11-F$202 -> 0.09184229 | P11: =G11-G$202 -> -0.069658522 | Q11: =H11-H$202 -> 0.0044545639 | R11: =I11-I$202 -> 0.027745776 | S11: =J11-J$202 -> 0.21932628 | T11: =K11-K$202 -> -0.0094739088
E12: =LN('Data of High Volatile Stocks '!B11/'Data of High Volatile Stocks '!B10) -> -0.1681693 | F12: =LN('Data of High Volatile Stocks '!C11/'Data of High Volatile Stocks '!C10) -> -0.015078727 | G12: =LN('Data of High Volatile Stocks '!D11/'Data of High Volatile Stocks '!D10) -> -0.06470819 | H12: =LN('Data of High Volatile Stocks '!E11/'Data of High Volatile Stocks '!E10) -> -0.15926187 | I12: =LN('Data of High Volatile Stocks '!F11/'Data of High Volatile Stocks '!F10) -> -0.04548265 | J12: =LN('Data of High Volatile Stocks '!G11/'Data of High Volatile Stocks '!G10) -> -0.13893856 | K12: =LN('Data of High Volatile Stocks '!H11/'Data of High Volatile Stocks '!H10) -> -0.14007319 | N12: =E12-E$202 -> -0.16003042 | O12: =F12-F$202 -> -0.020347412 | P12: =G12-G$202 -> -0.066962313 | Q12: =H12-H$202 -> -0.16342062 | R12: =I12-I$202 -> -0.057760001 | S12: =J12-J$202 -> -0.13586749 | T12: =K12-K$202 -> -0.13654549
E13: =LN('Data of High Volatile Stocks '!B12/'Data of High Volatile Stocks '!B11) -> -0.096368461 | F13: =LN('Data of High Volatile Stocks '!C12/'Data of High Volatile Stocks '!C11) -> 0.062308757 | G13: =LN('Data of High Volatile Stocks '!D12/'Data of High Volatile Stocks '!D11) -> -0.03486941 | H13: =LN('Data of High Volatile Stocks '!E12/'Data of High Volatile Stocks '!E11) -> 0.030700546 | I13: =LN('Data of High Volatile Stocks '!F12/'Data of High Volatile Stocks '!F11) -> 0.038483496 | J13: =LN('Data of High Volatile Stocks '!G12/'Data of High Volatile Stocks '!G11) -> -0.15696671 | K13: =LN('Data of High Volatile Stocks '!H12/'Data of High Volatile Stocks '!H11) -> -0.10460605 | N13: =E13-E$202 -> -0.088229579 | O13: =F13-F$202 -> 0.057040071 | P13: =G13-G$202 -> -0.037123533 | Q13: =H13-H$202 -> 0.026541792 | R13: =I13-I$202 -> 0.026206144 | S13: =J13-J$202 -> -0.15389565 | T13: =K13-K$202 -> -0.10107835
E14: =LN('Data of High Volatile Stocks '!B13/'Data of High Volatile Stocks '!B12) -> 0.18065628 | F14: =LN('Data of High Volatile Stocks '!C13/'Data of High Volatile Stocks '!C12) -> 0.087964353 | G14: =LN('Data of High Volatile Stocks '!D13/'Data of High Volatile Stocks '!D12) -> 0.14981282 | H14: =LN('Data of High Volatile Stocks '!E13/'Data of High Volatile Stocks '!E12) -> 0.081142433 | I14: =LN('Data of High Volatile Stocks '!F13/'Data of High Volatile Stocks '!F12) -> 0.11827067 | J14: =LN('Data of High Volatile Stocks '!G13/'Data of High Volatile Stocks '!G12) -> 0.18416547 | K14: =LN('Data of High Volatile Stocks '!H13/'Data of High Volatile Stocks '!H12) -> 0.16980986 | N14: =E14-E$202 -> 0.18879516 | O14: =F14-F$202 -> 0.082695668 | P14: =G14-G$202 -> 0.1475587 | Q14: =H14-H$202 -> 0.076983679 | R14: =I14-I$202 -> 0.10599332 | S14: =J14-J$202 -> 0.18723653 | T14: =K14-K$202 -> 0.17333756
E15: =LN('Data of High Volatile Stocks '!B14/'Data of High Volatile Stocks '!B13) -> -0.016807118 | F15: =LN('Data of High Volatile Stocks '!C14/'Data of High Volatile Stocks '!C13) -> 0.064625632 | G15: =LN('Data of High Volatile Stocks '!D14/'Data of High Volatile Stocks '!D13) -> 0.0041325699 | H15: =LN('Data of High Volatile Stocks '!E14/'Data of High Volatile Stocks '!E13) -> 0.020766098 | I15: =LN('Data of High Volatile Stocks '!F14/'Data of High Volatile Stocks '!F13) -> 0.011632547 | J15: =LN('Data of High Volatile Stocks '!G14/'Data of High Volatile Stocks '!G13) -> -0.0088496153 | K15: =LN('Data of High Volatile Stocks '!H14/'Data of High Volatile Stocks '!H13) -> -0.020416851 | N15: =E15-E$202 -> -0.0086682368 | O15: =F15-F$202 -> 0.059356946 | P15: =G15-G$202 -> 0.0018784466 | Q15: =H15-H$202 -> 0.016607344 | R15: =I15-I$202 -> -0.00064480484 | S15: =J15-J$202 -> -0.0057785486 | T15: =K15-K$202 -> -0.01688915
E16: =LN('Data of High Volatile Stocks '!B15/'Data of High Volatile Stocks '!B14) -> 0.054691469 | F16: =LN('Data of High Volatile Stocks '!C15/'Data of High Volatile Stocks '!C14) -> 0.026235386 | G16: =LN('Data of High Volatile Stocks '!D15/'Data of High Volatile Stocks '!D14) -> 0.0013380793 | H16: =LN('Data of High Volatile Stocks '!E15/'Data of High Volatile Stocks '!E14) -> 0.054839553 | I16: =LN('Data of High Volatile Stocks '!F15/'Data of High Volatile Stocks '!F14) -> 0.064201147 | J16: =LN('Data of High Volatile Stocks '!G15/'Data of High Volatile Stocks '!G14) -> 0.014520331 | K16: =LN('Data of High Volatile Stocks '!H15/'Data of High Volatile Stocks '!H14) -> 0.035269877 | N16: =E16-E$202 -> 0.06283035 | O16: =F16-F$202 -> 0.020966701 | P16: =G16-G$202 -> -0.00091604412 | Q16: =H16-H$202 -> 0.0506808 | R16: =I16-I$202 -> 0.051923796 | S16: =J16-J$202 -> 0.017591397 | T16: =K16-K$202 -> 0.038797578
E17: =LN('Data of High Volatile Stocks '!B16/'Data of High Volatile Stocks '!B15) -> -0.04709329 | F17: =LN('Data of High Volatile Stocks '!C16/'Data of High Volatile Stocks '!C15) -> -0.043229616 | G17: =LN('Data of High Volatile Stocks '!D16/'Data of High Volatile Stocks '!D15) -> -0.14986307 | H17: =LN('Data of High Volatile Stocks '!E16/'Data of High Volatile Stocks '!E15) -> -0.11566605 | I17: =LN('Data of High Volatile Stocks '!F16/'Data of High Volatile Stocks '!F15) -> -0.085238152 | J17: =LN('Data of High Volatile Stocks '!G16/'Data of High Volatile Stocks '!G15) -> -0.090115033 | K17: =LN('Data of High Volatile Stocks '!H16/'Data of High Volatile Stocks '!H15) -> -0.062225207 | N17: =E17-E$202 -> -0.038954408 | O17: =F17-F$202 -> -0.048498301 | P17: =G17-G$202 -> -0.15211719 | Q17: =H17-H$202 -> -0.1198248 | R17: =I17-I$202 -> -0.097515504 | S17: =J17-J$202 -> -0.087043966 | T17: =K17-K$202 -> -0.058697506
... E200: =LN('Data of High Volatile Stocks '!B199/'Data of High Volatile Stocks '!B198) -> -0.09320467 | F200: =LN('Data of High Volatile Stocks '!C199/'Data of High Volatile Stocks '!C198) -> 0.007686558 | G200: =LN('Data of High Volatile Stocks '!D199/'Data of High Volatile Stocks '!D198) -> -0.06246009 | H200: =LN('Data of High Volatile Stocks '!E199/'Data of High Volatile Stocks '!E198) -> -0.033687396 | I200: =LN('Data of High Volatile Stocks '!F199/'Data of High Volatile Stocks '!F198) -> 0.013600967 | J200: =LN('Data of High Volatile Stocks '!G199/'Data of High Volatile Stocks '!G198) -> -0.12094161 | K200: =LN('Data of High Volatile Stocks '!H199/'Data of High Volatile Stocks '!H198) -> -0.0084346816 | N200: =E200-E$202 -> -0.085065788 | O200: =F200-F$202 -> 0.0024178726 | P200: =G200-G$202 -> -0.064714214 | Q200: =H200-H$202 -> -0.03784615 | R200: =I200-I$202 -> 0.0013236155 | S200: =J200-J$202 -> -0.11787054 | T200: =K200-K$202 -> -0.0049069803
D202: Mean | E202: =AVERAGE(E6:E200) -> -0.0081388815 | F202: =AVERAGE(F6:F200) -> 0.0052686853 | G202: =AVERAGE(G6:G200) -> 0.0022541234 | H202: =AVERAGE(H6:H200) -> 0.0041587538 | I202: =AVERAGE(I6:I200) -> 0.012277352 | J202: =AVERAGE(J6:J200) -> -0.0030710666 | K202: =AVERAGE(K6:K200) -> -0.0035277013
E205: Weekly Data | N205: Monthly Data | W205: Yearly Data
E206: SNAP | F206: CRWD | G206: COIN | H206: UBER | I206: PLTR | J206: ROKU | K206: ZM | N206: SNAP | O206: CRWD | P206: COIN | Q206: UBER | R206: PLTR | S206: ROKU | T206: ZM | W206: SNAP | X206: CRWD | Y206: COIN | Z206: UBER | AA206: PLTR | AB206: ROKU | AC206: ZM
D207: Return | E207: =AVERAGE(E6:E200) -> -0.0081388815 | F207: =AVERAGE(F6:F200) -> 0.0052686853 | G207: =AVERAGE(G6:G200) -> 0.0022541234 | H207: =AVERAGE(H6:H200) -> 0.0041587538 | I207: =AVERAGE(I6:I200) -> 0.012277352 | J207: =AVERAGE(J6:J200) -> -0.0030710666 | K207: =AVERAGE(K6:K200) -> -0.0035277013 | M207: Return | N207: =E207*4 -> -0.032555526 | O207: =F207*4 -> 0.021074741 | P207: =G207*4 -> 0.0090164935 | Q207: =H207*4 -> 0.016635015 | R207: =I207*4 -> 0.049109407 | S207: =J207*4 -> -0.012284267 | T207: =K207*4 -> -0.014110805 | V207: Mean | W207: =E207*52 -> -0.42322184 | X207: =F207*52 -> 0.27397164 | Y207: =G207*52 -> 0.11721442 | Z207: =H207*52 -> 0.2162552 | AA207: =I207*52 -> 0.63842229 | AB207: =J207*52 -> -0.15969547 | AC207: =K207*52 -> -0.18344047
D208: Variance | E208: =_xlfn.VAR.S(E6:E200) -> 0.0094381039 | F208: =_xlfn.VAR.S(F6:F200) -> 0.0048007587 | G208: =_xlfn.VAR.S(G6:G200) -> 0.016775544 | H208: =_xlfn.VAR.S(H6:H200) -> 0.0038176522 | I208: =_xlfn.VAR.S(I6:I200) -> 0.0088230143 | J208: =_xlfn.VAR.S(J6:J200) -> 0.0098250112 | K208: =_xlfn.VAR.S(K6:K200) -> 0.0031326741 | M208: Variance | N208: =E208*4 -> 0.037752415 | O208: =F208*4 -> 0.019203035 | P208: =G208*4 -> 0.067102177 | Q208: =H208*4 -> 0.015270609 | R208: =I208*4 -> 0.035292057 | S208: =J208*4 -> 0.039300045 | T208: =K208*4 -> 0.012530697 | V208: Variance | W208: =E208*52 -> 0.4907814 | X208: =F208*52 -> 0.24963945 | Y208: =G208*52 -> 0.8723283 | Z208: =H208*52 -> 0.19851792 | AA208: =I208*52 -> 0.45879674 | AB208: =J208*52 -> 0.51090058 | AC208: =K208*52 -> 0.16289906
D209: SD | E209: =SQRT(E208) -> 0.097149904 | F209: =SQRT(F208) -> 0.069287507 | G209: =SQRT(G208) -> 0.12952044 | H209: =SQRT(H208) -> 0.061787153 | I209: =SQRT(I208) -> 0.093930902 | J209: =SQRT(J208) -> 0.099121194 | K209: =SQRT(K208) -> 0.055970297 | M209: SD | N209: =E209*4 -> 0.38859962 | O209: =F209*4 -> 0.27715003 | P209: =G209*4 -> 0.51808176 | Q209: =H209*4 -> 0.24714861 | R209: =I209*4 -> 0.37572361 | S209: =J209*4 -> 0.39648478 | T209: =K209*4 -> 0.22388119 | V209: SD | W209: =E209*52 -> 5.051795 | X209: =F209*52 -> 3.6029504 | Y209: =G209*52 -> 6.7350628 | Z209: =H209*52 -> 3.2129319 | AA209: =I209*52 -> 4.8844069 | AB209: =J209*52 -> 5.1543021 | AC209: =K209*52 -> 2.9104554

Sheet Optimum Portfolio 
C3: Variance Coveriance Matrix | N3: Matrix Inverse
D4: SNAP | E4: CRWD | F4: COIN | G4: UBER | H4: PLTR | I4: ROKU | J4: ZM | O4: SNAP | P4: CRWD | Q4: COIN | R4: UBER | S4: PLTR | T4: ROKU | U4: ZM
C5: SNAP | D5: {=MMULT(TRANSPOSE('Return of volatile stocks'!N6:T200),'Return of volatile stocks'!N6:T200)/(195-1)} -> 0.0094381039 | E5: 0.002315457 | F5: 0.0037599931 | G5: 0.0015440185 | H5: 0.0012471034 | I5: 0.0033082391 | J5: 0.0013680207 | N5: SNAP | O5: {=MINVERSE(_xlfn.ANCHORARRAY(D5))} -> 134.15588 | P5: -53.033806 | Q5: -16.254192 | R5: -9.8840928 | S5: 37.170303 | T5: -32.220566 | U5: -4.9448203
C6: CRWD | D6: 0.002315457 | E6: 0.0048007587 | F6: 0.0037986977 | G6: 0.0020580368 | H6: 0.0036334587 | I6: 0.0031261637 | J6: 0.0016730783 | N6: CRWD | O6: -53.033806 | P6: 366.92917 | Q6: -3.415728 | R6: -79.615967 | S6: -100.0781 | T6: -10.807034 | U6: -38.550963
C7: COIN | D7: 0.0037599931 | E7: 0.0037986977 | F7: 0.016775544 | G7: 0.0038789751 | H7: 0.006280371 | I7: 0.0064787934 | J7: 0.0033662724 | N7: COIN | O7: -16.254192 | P7: -3.415728 | Q7: 100.93357 | R7: -42.87188 | S7: -35.203024 | T7: -20.61112 | U7: -29.172438
C8: UBER | D8: 0.0015440185 | E8: 0.0020580368 | F8: 0.0038789751 | G8: 0.0038176522 | H8: 0.0026607828 | I8: 0.0027435416 | J8: 0.001559943 | N8: UBER | O8: -9.8840928 | P8: -79.615967 | Q8: -42.87188 | R8: 416.70287 | S8: -28.56229 | T8: -22.579432 | U8: -68.892405
C9: PLTR | D9: 0.0012471034 | E9: 0.0036334587 | F9: 0.006280371 | G9: 0.0026607828 | H9: 0.0088230143 | I9: 0.0050216597 | J9: 0.002503977 | N9: PLTR | O9: 37.170303 | P9: -100.0781 | Q9: -35.203024 | R9: -28.56229 | S9: 222.63983 | T9: -51.471285 | U9: -36.550878
C10: ROKU | D10: 0.0033082391 | E10: 0.0031261637 | F10: 0.0064787934 | G10: 0.0027435416 | H10: 0.0050216597 | I10: 0.0098250112 | J10: 0.0031733373 | N10: ROKU | O10: -32.220566 | P10: -10.807034 | Q10: -20.61112 | R10: -22.579432 | S10: -51.471285 | T10: 195.87779 | U10: -104.04487
C11: ZM | D11: 0.0013680207 | E11: 0.0016730783 | F11: 0.0033662724 | G11: 0.001559943 | H11: 0.002503977 | I11: 0.0031733373 | J11: 0.0031326741 | N11: ZM | O11: -4.9448203 | P11: -38.550963 | Q11: -29.172438 | R11: -68.892405 | S11: -36.550878 | T11: -104.04487 | U11: 542.22876
N13: Vector | O13: 1 | P13: 1 | Q13: 1 | R13: 1 | S13: 1 | T13: 1 | U13: 1
C16: Global Minimum Variance Portfolio
D18: Proportion | E18: {=MMULT(O13:U13,_xlfn.ANCHORARRAY(O5))/SUM(MMULT(O13:U13,_xlfn.ANCHORARRAY(O5)))} -> 0.11545489 | F18: 0.17096623 | G18: -0.097830987 | H18: 0.3449594 | I18: 0.016680464 | J18: -0.096280866 | K18: 0.54605087
D20: Mean | E20: ='Return of volatile stocks'!W207 -> -0.42322184 | F20: ='Return of volatile stocks'!X207 -> 0.27397164 | G20: ='Return of volatile stocks'!Y207 -> 0.11721442 | H20: ='Return of volatile stocks'!Z207 -> 0.2162552 | I20: ='Return of volatile stocks'!AA207 -> 0.63842229 | J20: ='Return of volatile stocks'!AB207 -> -0.15969547 | K20: ='Return of volatile stocks'!AC207 -> -0.18344047
D22: Return | E22: =SUMPRODUCT(E20:K20,_xlfn.ANCHORARRAY(E18)) -> -0.013034104
D23: Variance | E23: {=MMULT(_xlfn.ANCHORARRAY(E18),MMULT(_xlfn.ANCHORARRAY(D5),TRANSPOSE(_xlfn.ANCHORARRAY(E18))))} -> 0.0020996111
D24: SD | E24: =SQRT(E23) -> 0.045821514
C27: Efficient Portfolio 2
D29: Mean | F29: S^-1*E® | H29: Allocated Weight
D30: =E20 -> -0.42322184 | F30: {=MMULT(_xlfn.ANCHORARRAY(O5),D30:D36)} -> -45.56726 | H30: =F30/SUM(_xlfn.ANCHORARRAY($F$30)) -> 7.3402454
D31: =F20 -> 0.27397164 | F31: 50.261061 | H31: =F31/SUM(_xlfn.ANCHORARRAY($F$30)) -> -8.0963508
D32: =G20 -> 0.11721442 | F32: -5.328568 | H32: =F32/SUM(_xlfn.ANCHORARRAY($F$30)) -> 0.85835744
D33: =H20 -> 0.2162552 | F33: 65.468291 | H33: =F33/SUM(_xlfn.ANCHORARRAY($F$30)) -> -10.546022
D34: =I20 -> 0.63842229 | F34: 103.60998 | H34: =F34/SUM(_xlfn.ANCHORARRAY($F$30)) -> -16.690112
D35: =J20 -> -0.15969547 | F35: -41.678383 | H35: =F35/SUM(_xlfn.ANCHORARRAY($F$30)) -> 6.713802
D36: =K20 -> -0.18344047 | F36: -132.97298 | H36: =F36/SUM(_xlfn.ANCHORARRAY($F$30)) -> 21.42008
G39: Total | H39: =SUM(H30:H36) -> 1
D42: Return | E42: =SUMPRODUCT(D30:D36,H30:H36) -> -23.161555
D43: Variance | E43: {=MMULT(TRANSPOSE(H30:H36),MMULT(_xlfn.ANCHORARRAY(D5),H30:H36))} -> 3.7310011
D44: SD | E44: =SQRT(E43) -> 1.93158
D48: Sharpe Ratio | E48: =E42/E44 -> -11.99099

Sheet Combined Portfolio Returns 
C3: RETURNS | S3: Excess Return
C4: APPLE | D4: NVIDIA | E4: Microsoft | F4: GOOGLE | G4: TESLA | H4: AMAZON | I4: META | J4: SNAP | K4: CRWD | L4: COIN | M4: UBER | N4: PLTR | O4: ROKU | P4: ZM | S4: APPLE | T4: NVIDIA | U4: Microsoft | V4: GOOGLE | W4: TESLA | X4: AMAZON | Y4: META | Z4: SNAP | AA4: CRWD | AB4: COIN | AC4: UBER | AD4: PLTR | AE4: ROKU | AF4: ZM
C6: -0.063572135 | D6: -0.14215902 | E6: -0.04675645 | F6: -0.067698081 | G6: -0.10616431 | H6: -0.12813619 | I6: -0.090540014 | J6: -0.16915935 | K6: -0.070145609 | L6: -0.18087063 | M6: -0.14408348 | N6: -0.16830408 | O6: -0.096128523 | P6: -0.078509949 | S6: =C6-C$203 -> -0.065360153 | T6: =D6-D$203 -> -0.1519885 | U6: =E6-E$203 -> -0.049315804 | V6: =F6-F$203 -> -0.07040743 | W6: =G6-G$203 -> -0.10702109 | X6: =H6-H$203 -> -0.12961583 | Y6: =I6-I$203 -> -0.094405602 | Z6: =J6-J$203 -> -0.16102047 | ... AF6: =P6-P$203 -> -0.074982247
C7: 0.04761373 | D7: -0.022939764 | E7: 0.040482782 | F7: 0.02275411 | G7: -0.10906483 | H7: 0.0093504275 | I7: -0.0048274132 | J7: -0.054378602 | K7: 0.024999054 | L7: -0.077917898 | M7: -0.020520748 | N7: -0.062520357 | O7: -0.0059335617 | P7: -0.02641935 | S7: =C7-C$203 -> 0.045825712 | T7: =D7-D$203 -> -0.03276924 | U7: =E7-E$203 -> 0.037923428 | V7: =F7-F$203 -> 0.020044762 | W7: =G7-G$203 -> -0.10992161 | X7: =H7-H$203 -> 0.0078707878 | Y7: =I7-I$203 -> -0.0086930005 | Z7: =J7-J$203 -> -0.046239721 | ... AF7: =P7-P$203 -> -0.022891648
C8: 0.01202162 | D8: 0.062785672 | E8: -0.0075545784 | F8: 0.071893298 | G8: 0.087020238 | H8: 0.090639551 | I8: -0.24102648 | J8: 0.246151 | K8: 0.048028646 | L8: 0.090702421 | M8: 0.050938219 | N8: 0.017934204 | O8: 0.048402789 | P8: 0.0020145191 | S8: =C8-C$203 -> 0.010233602 | T8: =D8-D$203 -> 0.052956196 | U8: =E8-E$203 -> -0.010113933 | V8: =F8-F$203 -> 0.06918395 | W8: =G8-G$203 -> 0.086163461 | X8: =H8-H$203 -> 0.089159912 | Y8: =I8-I$203 -> -0.24489206 | Z8: =J8-J$203 -> 0.25428988 | ... AF8: =P8-P$203 -> 0.0055422204
C9: -0.021993087 | D9: -0.015330733 | E9: -0.036278064 | F9: -0.064943377 | G9: -0.071021022 | H9: -0.0279824 | I9: -0.076859819 | J9: 0.014796188 | K9: 0.02590169 | L9: 0.00046276063 | M9: -0.048668714 | N9: 0.014576399 | O9: 0.032295862 | P9: -0.020046932 | S9: =C9-C$203 -> -0.023781105 | T9: =D9-D$203 -> -0.02516021 | U9: =E9-E$203 -> -0.038837418 | V9: =F9-F$203 -> -0.067652725 | W9: =G9-G$203 -> -0.0718778 | X9: =H9-H$203 -> -0.02946204 | Y9: =I9-I$203 -> -0.080725406 | Z9: =J9-J$203 -> 0.02293507 | ... AF9: =P9-P$203 -> -0.016519231
C10: -0.0079776574 | D10: -0.013028131 | E10: -0.024393545 | F10: -0.029320523 | G10: -0.003529436 | H10: -0.0045114333 | I10: -0.062927431 | J10: -0.038198192 | K10: -0.097716019 | L10: -0.027993175 | M10: -0.017436486 | N10: -0.17518788 | O10: -0.3769029 | P10: -0.10658849 | S10: =C10-C$203 -> -0.0097656753 | T10: =D10-D$203 -> -0.022857608 | U10: =E10-E$203 -> -0.026952899 | V10: =F10-F$203 -> -0.032029871 | W10: =G10-G$203 -> -0.0043862138 | X10: =H10-H$203 -> -0.005991073 | Y10: =I10-I$203 -> -0.066793018 | Z10: =J10-J$203 -> -0.030059311 | ... AF10: =P10-P$203 -> -0.10306079
C11: -0.014752638 | D11: 0.021758181 | E11: 0.03205797 | F11: 0.030660108 | G11: -0.056528493 | H11: 0.0077679166 | I11: 0.02073807 | J11: 0.029551139 | K11: 0.097110975 | L11: -0.067404399 | M11: 0.0086133177 | N11: 0.040023127 | O11: 0.21625522 | P11: -0.01300161 | S11: =C11-C$203 -> -0.016540656 | T11: =D11-D$203 -> 0.011928704 | U11: =E11-E$203 -> 0.029498616 | V11: =F11-F$203 -> 0.027950759 | W11: =G11-G$203 -> -0.05738527 | X11: =H11-H$203 -> 0.0062882769 | Y11: =I11-I$203 -> 0.016872483 | Z11: =J11-J$203 -> 0.037690021 | ... AF11: =P11-P$203 -> -0.0094739088
C12: -0.010243367 | D12: -0.051816261 | E12: -0.025377318 | F12: -0.019146885 | G12: 0.034478014 | H12: -0.054450212 | I12: -0.050773315 | J12: -0.1681693 | K12: -0.015078727 | L12: -0.06470819 | M12: -0.15926187 | N12: -0.04548265 | O12: -0.13893856 | P12: -0.14007319 | S12: =C12-C$203 -> -0.012031385 | T12: =D12-D$203 -> -0.061645738 | U12: =E12-E$203 -> -0.027936672 | V12: =F12-F$203 -> -0.021856234 | W12: =G12-G$203 -> 0.033621236 | X12: =H12-H$203 -> -0.055929852 | Y12: =I12-I$203 -> -0.054638902 | Z12: =J12-J$203 -> -0.16003042 | ... AF12: =P12-P$203 -> -0.13654549
C13: -0.05311094 | D13: -0.037304503 | E13: -0.034358476 | F13: -0.015585922 | G13: -0.05256926 | H13: -0.0008242891 | I13: -0.064251982 | J13: -0.096368461 | K13: 0.062308757 | L13: -0.03486941 | M13: 0.030700546 | N13: 0.038483496 | O13: -0.15696671 | P13: -0.10460605 | S13: =C13-C$203 -> -0.054898958 | T13: =D13-D$203 -> -0.04713398 | U13: =E13-E$203 -> -0.03691783 | V13: =F13-F$203 -> -0.01829527 | W13: =G13-G$203 -> -0.053426038 | X13: =H13-H$203 -> -0.0023039288 | Y13: =I13-I$203 -> -0.068117569 | Z13: =J13-J$203 -> -0.088229579 | ... AF13: =P13-P$203 -> -0.10107835
C14: 0.058062807 | D14: 0.17967855 | E14: 0.07017521 | F14: 0.047076361 | G14: 0.12958199 | H14: 0.10264242 | I14: 0.14317902 | J14: 0.18065628 | K14: 0.087964353 | L14: 0.14981282 | M14: 0.081142433 | N14: 0.11827067 | O14: 0.18416547 | P14: 0.16980986 | S14: =C14-C$203 -> 0.056274789 | T14: =D14-D$203 -> 0.16984907 | U14: =E14-E$203 -> 0.067615856 | V14: =F14-F$203 -> 0.044367013 | W14: =G14-G$203 -> 0.12872521 | X14: =H14-H$203 -> 0.10116278 | Y14: =I14-I$203 -> 0.13931343 | Z14: =J14-J$203 -> 0.18879516 | ... AF14: =P14-P$203 -> 0.17333756
C15: 0.063440223 | D15: 0.045815179 | E15: 0.010759734 | F15: 0.039890098 | G15: 0.10996224 | H15: 0.021594606 | I15: 0.024321885 | J15: -0.016807118 | K15: 0.064625632 | L15: 0.0041325699 | M15: 0.020766098 | N15: 0.011632547 | O15: -0.0088496153 | P15: -0.020416851 | S15: =C15-C$203 -> 0.061652205 | T15: =D15-D$203 -> 0.035985702 | U15: =E15-E$203 -> 0.0082003795 | V15: =F15-F$203 -> 0.03718075 | W15: =G15-G$203 -> 0.10910546 | X15: =H15-H$203 -> 0.020114967 | Y15: =I15-I$203 -> 0.020456298 | Z15: =J15-J$203 -> -0.0086682368 | ... AF15: =P15-P$203 -> -0.01688915
C16: -0.0023493693 | D16: -0.03603331 | E16: 0.018725062 | F16: -0.010787132 | G16: 0.070618242 | H16: -0.0073706666 | I16: 0.013567271 | J16: 0.054691469 | K16: 0.026235386 | L16: 0.0013380793 | M16: 0.054839553 | N16: 0.064201147 | O16: 0.014520331 | P16: 0.035269877 | S16: =C16-C$203 -> -0.0041373873 | T16: =D16-D$203 -> -0.045862787 | U16: =E16-E$203 -> 0.016165708 | V16: =F16-F$203 -> -0.01349648 | W16: =G16-G$203 -> 0.069761464 | X16: =H16-H$203 -> -0.0088503063 | Y16: =I16-I$203 -> 0.0097016837 | Z16: =J16-J$203 -> 0.06283035 | ... AF16: =P16-P$203 -> 0.038797578
C17: -0.024507615 | D17: -0.14433998 | E17: -0.041068454 | F17: -0.050186072 | G17: -0.056031488 | H17: -0.057244732 | I17: -0.011270749 | J17: -0.04709329 | K17: -0.043229616 | L17: -0.14986307 | M17: -0.11566605 | N17: -0.085238152 | O17: -0.090115033 | P17: -0.062225207 | S17: =C17-C$203 -> -0.026295632 | T17: =D17-D$203 -> -0.15416946 | U17: =E17-E$203 -> -0.043627808 | V17: =F17-F$203 -> -0.05289542 | W17: =G17-G$203 -> -0.056888266 | X17: =H17-H$203 -> -0.058724372 | Y17: =I17-I$203 -> -0.015136336 | Z17: =J17-J$203 -> -0.038954408 | ... AF17: =P17-P$203 -> -0.058697506
... C200: -0.050677457 | D200: -0.024058553 | E200: -0.012428319 | F200: -0.036441615 | G200: -0.038756451 | H200: -0.014407884 | I200: -0.0074301473 | J200: -0.09320467 | K200: 0.007686558 | L200: -0.06246009 | M200: -0.033687396 | N200: 0.013600967 | O200: -0.12094161 | P200: -0.0084346816 | S200: =C200-C$203 -> -0.052465475 | T200: =D200-D$203 -> -0.033888029 | U200: =E200-E$203 -> -0.014987673 | V200: =F200-F$203 -> -0.039150964 | W200: =G200-G$203 -> -0.039613229 | X200: =H200-H$203 -> -0.015887524 | Y200: =I200-I$203 -> -0.011295735 | Z200: =J200-J$203 -> -0.085065788 | ... AF200: =P200-P$203 -> -0.0049069803
B203: Mean | C203: =AVERAGE(C6:C200) -> 0.001788018 | D203: =AVERAGE(D6:D200) -> 0.0098294765 | E203: =AVERAGE(E6:E200) -> 0.0025593541 | F203: =AVERAGE(F6:F200) -> 0.0027093483 | G203: =AVERAGE(G6:G200) -> 0.00085677781 | H203: =AVERAGE(H6:H200) -> 0.0014796397 | I203: =AVERAGE(I6:I200) -> 0.0038655873 | J203: =AVERAGE(J6:J200) -> -0.0081388815 | ... P203: =AVERAGE(P6:P200) -> -0.0035277013
C206: Weekly Data | S206: Monthly Return | AI206: Yearly Return
C207: APPLE | D207: NVIDIA | E207: Microsoft | F207: GOOGLE | G207: TESLA | H207: AMAZON | I207: META | J207: SNAP | K207: CRWD | L207: COIN | M207: UBER | N207: PLTR | O207: ROKU | P207: ZM | S207: APPLE | T207: NVIDIA | U207: Microsoft | V207: GOOGLE | W207: TESLA | X207: AMAZON | Y207: META | Z207: SNAP | AA207: CRWD | AB207: COIN | AC207: UBER | AD207: PLTR | AE207: ROKU | AF207: ZM | AI207: APPLE | AJ207: NVIDIA | AK207: Microsoft | AL207: GOOGLE | AM207: TESLA | AN207: AMAZON | AO207: META | AP207: SNAP | AQ207: CRWD | AR207: COIN | AS207: UBER | AT207: PLTR | AU207: ROKU | AV207: ZM
B208: Return | C208: =AVERAGE(C6:C200) -> 0.001788018 | D208: =AVERAGE(D6:D200) -> 0.0098294765 | E208: =AVERAGE(E6:E200) -> 0.0025593541 | F208: =AVERAGE(F6:F200) -> 0.0027093483 | G208: =AVERAGE(G6:G200) -> 0.00085677781 | H208: =AVERAGE(H6:H200) -> 0.0014796397 | I208: =AVERAGE(I6:I200) -> 0.0038655873 | J208: =AVERAGE(J6:J200) -> -0.0081388815 | ... P208: =AVERAGE(P6:P200) -> -0.0035277013 | R208: Mean | S208: =C208*4 -> 0.007152072 | T208: =D208*4 -> 0.039317906 | U208: =E208*4 -> 0.010237417 | V208: =F208*4 -> 0.010837393 | W208: =G208*4 -> 0.0034271113 | X208: =H208*4 -> 0.0059185589 | Y208: =I208*4 -> 0.015462349 | Z208: =J208*4 -> -0.032555526 | ... AF208: =P208*4 -> -0.014110805 | AH208: Mean | AI208: =C208*52 -> 0.092976935 | AJ208: =D208*52 -> 0.51113278 | AK208: =E208*52 -> 0.13308642 | AL208: =F208*52 -> 0.14088611 | AM208: =G208*52 -> 0.044552446 | AN208: =H208*52 -> 0.076941266 | AO208: =I208*52 -> 0.20101054 | AP208: =J208*52 -> -0.42322184 | ... AV208: =P208*52 -> -0.18344047
B209: Variance | C209: =_xlfn.VAR.S(C6:C200) -> 0.001555022 | D209: =_xlfn.VAR.S(D6:D200) -> 0.0049013338 | E209: =_xlfn.VAR.S(E6:E200) -> 0.0011744357 | F209: =_xlfn.VAR.S(F6:F200) -> 0.0020062447 | G209: =_xlfn.VAR.S(G6:G200) -> 0.0068715595 | H209: =_xlfn.VAR.S(H6:H200) -> 0.0022646222 | I209: =_xlfn.VAR.S(I6:I200) -> 0.0037446711 | J209: =_xlfn.VAR.S(J6:J200) -> 0.0094381039 | ... P209: =_xlfn.VAR.S(P6:P200) -> 0.0031326741 | R209: Variance | S209: =C209*4 -> 0.0062200878 | T209: =D209*4 -> 0.019605335 | U209: =E209*4 -> 0.0046977426 | V209: =F209*4 -> 0.0080249788 | W209: =G209*4 -> 0.027486238 | X209: =H209*4 -> 0.009058489 | Y209: =I209*4 -> 0.014978684 | Z209: =J209*4 -> 0.037752415 | ... AF209: =P209*4 -> 0.012530697 | AH209: Variance | AI209: =C209*52 -> 0.080861142 | AJ209: =D209*52 -> 0.25486936 | AK209: =E209*52 -> 0.061070654 | AL209: =F209*52 -> 0.10432472 | AM209: =G209*52 -> 0.35732109 | AN209: =H209*52 -> 0.11776036 | AO209: =I209*52 -> 0.1947229 | AP209: =J209*52 -> 0.4907814 | ... AV209: =P209*52 -> 0.16289906
B210: SD | C210: =SQRT(C209) -> 0.039433767 | D210: =SQRT(D209) -> 0.070009526 | E210: =SQRT(E209) -> 0.03427004 | F210: =SQRT(F209) -> 0.044791123 | G210: =SQRT(G209) -> 0.08289487 | H210: =SQRT(H209) -> 0.047588047 | I210: =SQRT(I209) -> 0.061193718 | J210: =SQRT(J209) -> 0.097149904 | ... P210: =SQRT(P209) -> 0.055970297 | R210: SD | S210: =SQRT(S209) -> 0.078867533 | T210: =SQRT(T209) -> 0.14001905 | U210: =SQRT(U209) -> 0.06854008 | V210: =SQRT(V209) -> 0.089582246 | W210: =SQRT(W209) -> 0.16578974 | X210: =SQRT(X209) -> 0.095176095 | Y210: =SQRT(Y209) -> 0.12238744 | Z210: =SQRT(Z209) -> 0.19429981 | ... AF210: =SQRT(AF209) -> 0.11194059 | AH210: SD | AI210: =C210*52 -> 2.0505559 | AJ210: =D210*52 -> 3.6404954 | AK210: =E210*52 -> 1.7820421 | AL210: =F210*52 -> 2.3291384 | AM210: =G210*52 -> 4.3105332 | AN210: =H210*52 -> 2.4745785 | AO210: =I210*52 -> 3.1820733 | AP210: =J210*52 -> 5.051795 | ... AV210: =P210*52 -> 2.9104554

Sheet Combined Optimum Portfolio
C3: Variance Coveriance Matrix | S3: Matrix Inverse
C4: APPLE | D4: NVIDIA | E4: Microsoft | F4: GOOGLE | G4: TESLA | H4: AMAZON | I4: META | J4: SNAP | K4: CRWD | L4: COIN | M4: UBER | N4: PLTR | O4: ROKU | P4: ZM | S4: APPLE | T4: NVIDIA | U4: Microsoft | V4: GOOGLE | W4: TESLA | X4: AMAZON | Y4: META | Z4: SNAP | AA4: CRWD | AB4: COIN | AC4: UBER | AD4: PLTR | AE4: ROKU | AF4: ZM
B5: APPLE | C5: {=MMULT(TRANSPOSE('Combined Portfolio Returns '!S6:AF200),'Combined Portfolio Returns '!S6:AF200)/(195-1)} -> 0.001555022 | D5: 0.0013271228 | E5: 0.00073193836 | F5: 0.00099369455 | G5: 0.0015952191 | H5: 0.00096416762 | I5: 0.0008936606 | J5: 0.00088699317 | K5: 0.0011642862 | L5: 0.0019189196 | M5: 0.0008440183 | N5: 0.0013833051 | O5: 0.0017947577 | P5: 0.00096854881 | R5: APPLE | S5: {=MINVERSE(_xlfn.ANCHORARRAY(C5))} -> 1217.7245 | T5: -46.982916 | U5: -205.03189 | V5: -286.6689 | W5: -142.09732 | X5: -35.640189 | Y5: 8.905645 | Z5: 10.714757 | AA5: -28.894993 | AB5: 21.107443 | AC5: -60.115928 | AD5: 57.310383 | AE5: -76.658193 | AF5: -52.185963
B6: NVIDIA | C6: 0.0013271228 | D6: 0.0049013338 | E6: 0.0016247621 | F6: 0.0014361165 | G6: 0.002639285 | H6: 0.0019675215 | I6: 0.0018025164 | J6: 0.0017558338 | K6: 0.0025179258 | L6: 0.0044075716 | M6: 0.0020872362 | N6: 0.0034933286 | O6: 0.0031054125 | P6: 0.0016791968 | R6: NVIDIA | S6: -46.982916 | T6: 476.75108 | U6: -419.87597 | V6: 47.220415 | W6: -33.382398 | X6: -63.17326 | Y6: 11.19126 | Z6: -14.470596 | AA6: -19.253136 | AB6: -13.191315 | AC6: -71.770646 | AD6: -52.754654 | AE6: -8.0697122 | AF6: 13.951578
B7: Microsoft | C7: 0.00073193836 | D7: 0.0016247621 | E7: 0.0011744357 | F7: 0.00092737939 | G7: 0.0012199969 | H7: 0.0010806625 | I7: 0.0012203674 | J7: 0.00074103176 | K7: 0.0012524328 | L7: 0.001948415 | M7: 0.00083876755 | N7: 0.0014271644 | O7: 0.001401944 | P7: 0.00084476782 | R7: Microsoft | S7: -205.03189 | T7: -419.87597 | U7: 2474.121 | V7: -310.65715 | W7: -33.858148 | X7: -296.95433 | Y7: -325.07516 | Z7: 38.027697 | AA7: -127.85874 | AB7: -17.89085 | AC7: 46.488226 | AD7: 49.360415 | AE7: 59.343559 | AF7: -61.82202
B8: GOOGLE | C8: 0.00099369455 | D8: 0.0014361165 | E8: 0.00092737939 | F8: 0.0020062447 | G8: 0.0014658289 | H8: 0.0013394594 | I8: 0.0012672062 | J8: 0.0012628897 | K8: 0.0014253139 | L8: 0.0022999812 | M8: 0.00078200912 | N8: 0.0017282905 | O8: 0.0019446031 | P8: 0.001081156 | R8: GOOGLE | S8: -286.6689 | T8: 47.220415 | U8: -310.65715 | V8: 1068.1534 | W8: 6.0191348 | X8: -293.90451 | Y8: -64.090318 | Z8: -39.447522 | AA8: -30.260643 | AB8: -9.5760723 | AC8: 112.38326 | AD8: -28.035688 | AE8: -21.878795 | AF8: -49.649383
B9: TESLA | C9: 0.0015952191 | D9: 0.002639285 | E9: 0.0012199969 | F9: 0.0014658289 | G9: 0.0068715595 | H9: 0.0017677302 | I9: 0.001119029 | J9: 0.001464009 | K9: 0.0021592934 | L9: 0.0050752838 | M9: 0.0011670307 | N9: 0.0037896956 | O9: 0.0029959187 | P9: 0.0018494148 | R9: TESLA | S9: -142.09732 | T9: -33.382398 | U9: -33.858148 | V9: 6.0191348 | W9: 252.71514 | X9: -40.902005 | Y9: 33.308681 | Z9: -1.5283551 | AA9: -1.8856139 | AB9: -36.633339 | AC9: 65.623151 | AD9: -53.279997 | AE9: 8.7579601 | AF9: -34.024073
B10: AMAZON | C10: 0.00096416762 | D10: 0.0019675215 | E10: 0.0010806625 | F10: 0.0013394594 | G10: 0.0017677302 | H10: 0.0022646222 | I10: 0.0015224701 | J10: 0.0014254338 | K10: 0.0018245292 | L10: 0.0030980421 | M10: 0.0013956086 | N10: 0.0022864685 | O10: 0.0021715951 | P10: 0.0012718169 | R10: AMAZON | S10: -35.640189 | T10: -63.17326 | U10: -296.95433 | V10: -293.90451 | W10: -40.902005 | X10: 1148.5603 | Y10: -116.86745 | Z10: -33.359009 | AA10: -66.108912 | AB10: -30.504374 | AC10: -94.25878 | AD10: -42.316762 | AE10: 27.917523 | AF10: -37.139378
B11: META | C11: 0.0008936606 | D11: 0.0018025164 | E11: 0.0012203674 | F11: 0.0012672062 | G11: 0.001119029 | H11: 0.0015224701 | I11: 0.0037446711 | J11: 0.00089148124 | K11: 0.0015640111 | L11: 0.0024427294 | M11: 0.0013235843 | N11: 0.0018743211 | O11: 0.0025187149 | P11: 0.0011655968 | R11: META | S11: 8.905645 | T11: 11.19126 | U11: -325.07516 | V11: -64.090318 | W11: 33.308681 | X11: -116.86745 | Y11: 457.98036 | Z11: 20.496309 | AA11: 2.9654349 | AB11: 7.4670465 | AC11: -35.876626 | AD11: 10.250983 | AE11: -58.725173 | AF11: 9.0063445
B12: SNAP | C12: 0.00088699317 | D12: 0.0017558338 | E12: 0.00074103176 | F12: 0.0012628897 | G12: 0.001464009 | H12: 0.0014254338 | I12: 0.00089148124 | J12: 0.0094381039 | K12: 0.002315457 | L12: 0.0037599931 | M12: 0.0015440185 | N12: 0.0012471034 | O12: 0.0033082391 | P12: 0.0013680207 | R12: SNAP | S12: 10.714757 | T12: -14.470596 | U12: 38.027697 | V12: -39.447522 | W12: -1.5283551 | X12: -33.359009 | Y12: 20.496309 | Z12: 138.45794 | AA12: -48.57767 | AB12: -13.322872 | AC12: -11.180977 | AD12: 43.089077 | AE12: -33.543827 | AF12: -0.4752852
B13: CRWD | C13: 0.0011642862 | D13: 0.0025179258 | E13: 0.0012524328 | F13: 0.0014253139 | G13: 0.0021592934 | H13: 0.0018245292 | I13: 0.0015640111 | J13: 0.002315457 | K13: 0.0048007587 | L13: 0.0037986977 | M13: 0.0020580368 | N13: 0.0036334587 | O13: 0.0031261637 | P13: 0.0016730783 | R13: CRWD | S13: -28.894993 | T13: -19.253136 | U13: -127.85874 | V13: -30.260643 | W13: -1.8856139 | X13: -66.108912 | Y13: 2.9654349 | Z13: -48.57767 | AA13: 409.62349 | AB13: 9.6492131 | AC13: -68.977408 | AD13: -87.184915 | AE13: -3.4790264 | AF13: -9.339034
B14: COIN | C14: 0.0019189196 | D14: 0.0044075716 | E14: 0.001948415 | F14: 0.0022999812 | G14: 0.0050752838 | H14: 0.0030980421 | I14: 0.0024427294 | J14: 0.0037599931 | K14: 0.0037986977 | L14: 0.016775544 | M14: 0.0038789751 | N14: 0.006280371 | O14: 0.0064787934 | P14: 0.0033662724 | R14: COIN | S14: 21.107443 | T14: -13.191315 | U14: -17.89085 | V14: -9.5760723 | W14: -36.633339 | X14: -30.504374 | Y14: 7.4670465 | Z14: -13.322872 | AA14: 9.6492131 | AB14: 110.99921 | AC14: -47.453734 | AD14: -21.070403 | AE14: -21.773732 | AF14: -16.176102
B15: UBER | C15: 0.0008440183 | D15: 0.0020872362 | E15: 0.00083876755 | F15: 0.00078200912 | G15: 0.0011670307 | H15: 0.0013956086 | I15: 0.0013235843 | J15: 0.0015440185 | K15: 0.0020580368 | L15: 0.0038789751 | M15: 0.0038176522 | N15: 0.0026607828 | O15: 0.0027435416 | P15: 0.001559943 | R15: UBER | S15: -60.115928 | T15: -71.770646 | U15: 46.488226 | V15: 112.38326 | W15: 65.623151 | X15: -94.25878 | Y15: -35.876626 | Z15: -11.180977 | AA15: -68.977408 | AB15: -47.453734 | AC15: 464.00724 | AD15: -33.013231 | AE15: -15.952196 | AF15: -77.185287
B16: PLTR | C16: 0.0013833051 | D16: 0.0034933286 | E16: 0.0014271644 | F16: 0.0017282905 | G16: 0.0037896956 | H16: 0.0022864685 | I16: 0.0018743211 | J16: 0.0012471034 | K16: 0.0036334587 | L16: 0.006280371 | M16: 0.0026607828 | N16: 0.0088230143 | O16: 0.0050216597 | P16: 0.002503977 | R16: PLTR | S16: 57.310383 | T16: -52.754654 | U16: 49.360415 | V16: -28.035688 | W16: -53.279997 | X16: -42.316762 | Y16: 10.250983 | Z16: 43.089077 | AA16: -87.184915 | AB16: -21.070403 | AC16: -33.013231 | AD16: 246.93173 | AE16: -54.58985 | AF16: -23.50502
B17: ROKU | C17: 0.0017947577 | D17: 0.0031054125 | E17: 0.001401944 | F17: 0.0019446031 | G17: 0.0029959187 | H17: 0.0021715951 | I17: 0.0025187149 | J17: 0.0033082391 | K17: 0.0031261637 | L17: 0.0064787934 | M17: 0.0027435416 | N17: 0.0050216597 | O17: 0.0098250112 | P17: 0.0031733373 | R17: ROKU | S17: -76.658193 | T17: -8.0697122 | U17: 59.343559 | V17: -21.878795 | W17: 8.7579601 | X17: 27.917523 | Y17: -58.725173 | Z17: -33.543827 | AA17: -3.4790264 | AB17: -21.773732 | AC17: -15.952196 | AD17: -54.58985 | AE17: 210.94816 | AF17: -97.284382
B18: ZM | C18: 0.00096854881 | D18: 0.0016791968 | E18: 0.00084476782 | F18: 0.001081156 | G18: 0.0018494148 | H18: 0.0012718169 | I18: 0.0011655968 | J18: 0.0013680207 | K18: 0.0016730783 | L18: 0.0033662724 | M18: 0.001559943 | N18: 0.002503977 | O18: 0.0031733373 | P18: 0.0031326741 | R18: ZM | S18: -52.185963 | T18: 13.951578 | U18: -61.82202 | V18: -49.649383 | W18: -34.024073 | X18: -37.139378 | Y18: 9.0063445 | Z18: -0.4752852 | AA18: -9.339034 | AB18: -16.176102 | AC18: -77.185287 | AD18: -23.50502 | AE18: -97.284382 | AF18: 571.83977
R21: Vector | S21: 1 | T21: 1 | U21: 1 | V21: 1 | W21: 1 | X21: 1 | Y21: 1 | Z21: 1 | AA21: 1 | AB21: 1 | AC21: 1 | AD21: 1 | AE21: 1 | AF21: 1
B27: Global Minimum Variance Portfolio
B30: Proportion | C30: {=MMULT(S21:AF21,_xlfn.ANCHORARRAY(S5))/SUM(MMULT(S21:AF21,_xlfn.ANCHORARRAY(S5)))} -> 0.29977404 | D30: -0.15229712 | E30: 0.68232772 | F30: 0.078271874 | G30: -0.0087752328 | H30: 0.019919232 | I30: -0.030695647 | J30: 0.043124727 | K30: -0.054677867 | L30: -0.06158346 | M30: 0.13572197 | N30: 0.0087947845 | O30: -0.066783768 | P30: 0.10687876
B33: Return | C33: =SUMPRODUCT(_xlfn.ANCHORARRAY(C30),'Combined Portfolio Returns '!AI208:AV208) -> 0.032410059
B34: Variance | C34: {=MMULT(_xlfn.ANCHORARRAY(C30),MMULT(_xlfn.ANCHORARRAY(C5),TRANSPOSE(_xlfn.ANCHORARRAY(C30))))} -> 0.00078580521
B35: SD | C35: =SQRT(C34) -> 0.028032217
B39: Combined Portfolio
C42: Mean | E42: S^-1*E® | G42: Allocated Weights
B43: APPLE | C43: ='Combined Portfolio Returns '!AI208 -> 0.092976935 | E43: {=MMULT(_xlfn.ANCHORARRAY(S5),C43:C56)} -> 49.674098 | G43: =E43/SUM(_xlfn.ANCHORARRAY($E$43)) -> 1.2043843
B44: NVIDIA | C44: ='Combined Portfolio Returns '!AJ208 -> 0.51113278 | E44: 134.82149 | G44: =E44/SUM(_xlfn.ANCHORARRAY($E$43)) -> 3.2688441
B45: Microsoft | C45: ='Combined Portfolio Returns '!AK208 -> 0.13308642 | E45: -47.662048 | G45: =E45/SUM(_xlfn.ANCHORARRAY($E$43)) -> -1.1556007
B46: GOOGLE | C46: ='Combined Portfolio Returns '!AL208 -> 0.14088611 | E46: 97.68654 | G46: =E46/SUM(_xlfn.ANCHORARRAY($E$43)) -> 2.3684805
B47: TESLA | C47: ='Combined Portfolio Returns '!AM208 -> 0.044552446 | E47: -38.269968 | G47: =E47/SUM(_xlfn.ANCHORARRAY($E$43)) -> -0.92788294
B48: AMAZON | C48: ='Combined Portfolio Returns '!AN208 -> 0.076941266 | E48: -106.0881 | G48: =E48/SUM(_xlfn.ANCHORARRAY($E$43)) -> -2.5721823
B49: META | C49: ='Combined Portfolio Returns '!AO208 -> 0.20101054 | E49: 38.331819 | G49: =E49/SUM(_xlfn.ANCHORARRAY($E$43)) -> 0.92938255
B50: SNAP | C50: ='Combined Portfolio Returns '!AP208 -> -0.42322184 | E50: -48.345505 | G50: =E50/SUM(_xlfn.ANCHORARRAY($E$43)) -> -1.1721716
B51: CRWD | C51: ='Combined Portfolio Returns '!AQ208 -> 0.27397164 | E51: 27.22513 | G51: =E51/SUM(_xlfn.ANCHORARRAY($E$43)) -> 0.66009288
B52: COIN | C52: ='Combined Portfolio Returns '!AR208 -> 0.11721442 | E52: -6.964932 | G52: =E52/SUM(_xlfn.ANCHORARRAY($E$43)) -> -0.16886979
B53: UBER | C53: ='Combined Portfolio Returns '!AS208 -> 0.2162552 | E53: 44.452081 | G53: =E53/SUM(_xlfn.ANCHORARRAY($E$43)) -> 1.0777727
B54: PLTR | C54: ='Combined Portfolio Returns '!AT208 -> 0.63842229 | E54: 96.358941 | G54: =E54/SUM(_xlfn.ANCHORARRAY($E$43)) -> 2.3362919
B55: ROKU | C55: ='Combined Portfolio Returns '!AU208 -> -0.15969547 | E55: -59.154479 | G55: =E55/SUM(_xlfn.ANCHORARRAY($E$43)) -> -1.4342429
B56: ZM | C56: ='Combined Portfolio Returns '!AV208 -> -0.18344047 | E56: -140.82068 | G56: =E56/SUM(_xlfn.ANCHORARRAY($E$43)) -> -3.4142988
F58: Total | G58: =SUM(G43:G56) -> 1
C62: Mean | D62: =SUMPRODUCT(C43:C56,G43:G56) -> 5.1473727
C63: Variance | D63: {=MMULT(TRANSPOSE(G43:G56),MMULT(_xlfn.ANCHORARRAY(C5),G43:G56))} -> 0.12480176
C64: SD | D64: =SQRT(D63) -> 0.35327292
C67: Sharpe Ratio | D67: =D62/D64 -> 14.570527

Sheet Bull case
B4: Returns | R4: Bull Case Returns | AM4: Excess Return
B5: APPLE | C5: NVIDIA | D5: Microsoft | E5: GOOGLE | F5: TESLA | G5: AMAZON | H5: META | I5: SNAP | J5: CRWD | K5: COIN | L5: UBER | M5: PLTR | N5: ROKU | O5: ZM | R5: APPLE | S5: NVIDIA | T5: Microsoft | U5: GOOGLE | V5: TESLA | W5: AMAZON | X5: META | Y5: SNAP | Z5: CRWD | AA5: COIN | AB5: UBER | AC5: PLTR | AD5: ROKU | AE5: ZM | AM5: APPLE | AN5: NVIDIA | AO5: Microsoft | AP5: GOOGLE | AQ5: TESLA | AR5: AMAZON | AS5: META | AT5: SNAP | AU5: CRWD | AV5: COIN | AW5: UBER | AX5: PLTR | AY5: ROKU | AZ5: ZM
B6: NA | C6: NA | D6: NA | E6: NA | F6: NA | G6: NA | H6: NA | I6: NA | J6: NA | K6: NA | L6: NA | M6: NA | N6: NA | O6: NA | R6: NA | S6: NA | T6: NA | U6: NA | V6: NA | W6: NA | X6: NA | Y6: NA | Z6: NA | AA6: NA | AB6: NA | AC6: NA | AD6: NA | AE6: NA | AM6: NA | AN6: NA | AO6: NA | AP6: NA | AQ6: NA | AR6: NA | AS6: NA | AT6: NA | AU6: NA | AV6: NA | AW6: NA | AX6: NA | AY6: NA | AZ6: NA
B7: -0.063572135 | C7: -0.14215902 | D7: -0.04675645 | E7: -0.067698081 | F7: -0.10616431 | G7: -0.12813619 | H7: -0.090540014 | I7: -0.16915935 | J7: -0.070145609 | K7: -0.18087063 | L7: -0.14408348 | M7: -0.16830408 | N7: -0.096128523 | O7: -0.078509949 | R7: =IF(B7>0,B7*1.2,B7*0.8) -> -0.050857708 | S7: =IF(C7>0,C7*1.2,C7*0.8) -> -0.11372722 | T7: =IF(D7>0,D7*1.2,D7*0.8) -> -0.03740516 | U7: =IF(E7>0,E7*1.2,E7*0.8) -> -0.054158465 | V7: =IF(F7>0,F7*1.2,F7*0.8) -> -0.084931449 | W7: =IF(G7>0,G7*1.2,G7*0.8) -> -0.10250895 | X7: =IF(H7>0,H7*1.2,H7*0.8) -> -0.072432012 | Y7: =IF(I7>0,I7*1.2,I7*0.8) -> -0.13532748 | ... AE7: =IF(O7>0,O7*1.2,O7*0.8) -> -0.062807959 | AM7: =R7-R$204 -> -0.058663824 | AN7: =S7-S$204 -> -0.13452392 | AO7: =T7-T$204 -> -0.045283097 | AP7: =U7-U$204 -> -0.063992973 | AQ7: =V7-V$204 -> -0.098754389 | AR7: =W7-W$204 -> -0.11102155 | AS7: =X7-X$204 -> -0.085245015 | AT7: =Y7-Y$204 -> -0.14072341 | ... AZ7: =AE7-AE$204 -> -0.067422011
B8: 0.04761373 | C8: -0.022939764 | D8: 0.040482782 | E8: 0.02275411 | F8: -0.10906483 | G8: 0.0093504275 | H8: -0.0048274132 | I8: -0.054378602 | J8: 0.024999054 | K8: -0.077917898 | L8: -0.020520748 | M8: -0.062520357 | N8: -0.0059335617 | O8: -0.02641935 | R8: =IF(B8>0,B8*1.2,B8*0.8) -> 0.057136476 | S8: =IF(C8>0,C8*1.2,C8*0.8) -> -0.018351811 | T8: =IF(D8>0,D8*1.2,D8*0.8) -> 0.048579339 | U8: =IF(E8>0,E8*1.2,E8*0.8) -> 0.027304932 | V8: =IF(F8>0,F8*1.2,F8*0.8) -> -0.087251866 | W8: =IF(G8>0,G8*1.2,G8*0.8) -> 0.011220513 | X8: =IF(H8>0,H8*1.2,H8*0.8) -> -0.0038619305 | Y8: =IF(I8>0,I8*1.2,I8*0.8) -> -0.043502882 | ... AE8: =IF(O8>0,O8*1.2,O8*0.8) -> -0.02113548 | AM8: =R8-R$204 -> 0.049330359 | AN8: =S8-S$204 -> -0.039148518 | AO8: =T8-T$204 -> 0.040701402 | AP8: =U8-U$204 -> 0.017470424 | AQ8: =V8-V$204 -> -0.10107481 | AR8: =W8-W$204 -> 0.0027079082 | AS8: =X8-X$204 -> -0.016674934 | AT8: =Y8-Y$204 -> -0.048898813 | ... AZ8: =AE8-AE$204 -> -0.025749532
B9: 0.01202162 | C9: 0.062785672 | D9: -0.0075545784 | E9: 0.071893298 | F9: 0.087020238 | G9: 0.090639551 | H9: -0.24102648 | I9: 0.246151 | J9: 0.048028646 | K9: 0.090702421 | L9: 0.050938219 | M9: 0.017934204 | N9: 0.048402789 | O9: 0.0020145191 | R9: =IF(B9>0,B9*1.2,B9*0.8) -> 0.014425944 | S9: =IF(C9>0,C9*1.2,C9*0.8) -> 0.075342807 | T9: =IF(D9>0,D9*1.2,D9*0.8) -> -0.0060436627 | U9: =IF(E9>0,E9*1.2,E9*0.8) -> 0.086271958 | V9: =IF(F9>0,F9*1.2,F9*0.8) -> 0.10442429 | W9: =IF(G9>0,G9*1.2,G9*0.8) -> 0.10876746 | X9: =IF(H9>0,H9*1.2,H9*0.8) -> -0.19282118 | Y9: =IF(I9>0,I9*1.2,I9*0.8) -> 0.2953812 | ... AE9: =IF(O9>0,O9*1.2,O9*0.8) -> 0.0024174229 | AM9: =R9-R$204 -> 0.0066198276 | AN9: =S9-S$204 -> 0.0545461 | AO9: =T9-T$204 -> -0.013921599 | AP9: =U9-U$204 -> 0.07643745 | AQ9: =V9-V$204 -> 0.090601347 | AR9: =W9-W$204 -> 0.10025486 | AS9: =X9-X$204 -> -0.20563418 | AT9: =Y9-Y$204 -> 0.28998527 | ... AZ9: =AE9-AE$204 -> -0.0021966291
B10: -0.021993087 | C10: -0.015330733 | D10: -0.036278064 | E10: -0.064943377 | F10: -0.071021022 | G10: -0.0279824 | H10: -0.076859819 | I10: 0.014796188 | J10: 0.02590169 | K10: 0.00046276063 | L10: -0.048668714 | M10: 0.014576399 | N10: 0.032295862 | O10: -0.020046932 | R10: =IF(B10>0,B10*1.2,B10*0.8) -> -0.017594469 | S10: =IF(C10>0,C10*1.2,C10*0.8) -> -0.012264587 | T10: =IF(D10>0,D10*1.2,D10*0.8) -> -0.029022451 | U10: =IF(E10>0,E10*1.2,E10*0.8) -> -0.051954701 | V10: =IF(F10>0,F10*1.2,F10*0.8) -> -0.056816818 | W10: =IF(G10>0,G10*1.2,G10*0.8) -> -0.02238592 | X10: =IF(H10>0,H10*1.2,H10*0.8) -> -0.061487855 | Y10: =IF(I10>0,I10*1.2,I10*0.8) -> 0.017755426 | ... AE10: =IF(O10>0,O10*1.2,O10*0.8) -> -0.016037546 | AM10: =R10-R$204 -> -0.025400586 | AN10: =S10-S$204 -> -0.033061293 | AO10: =T10-T$204 -> -0.036900387 | AP10: =U10-U$204 -> -0.061789209 | AQ10: =V10-V$204 -> -0.070639757 | AR10: =W10-W$204 -> -0.030898525 | AS10: =X10-X$204 -> -0.074300858 | AT10: =Y10-Y$204 -> 0.012359495 | ... AZ10: =AE10-AE$204 -> -0.020651598
B11: -0.0079776574 | C11: -0.013028131 | D11: -0.024393545 | E11: -0.029320523 | F11: -0.003529436 | G11: -0.0045114333 | H11: -0.062927431 | I11: -0.038198192 | J11: -0.097716019 | K11: -0.027993175 | L11: -0.017436486 | M11: -0.17518788 | N11: -0.3769029 | O11: -0.10658849 | R11: =IF(B11>0,B11*1.2,B11*0.8) -> -0.0063821259 | S11: =IF(C11>0,C11*1.2,C11*0.8) -> -0.010422505 | T11: =IF(D11>0,D11*1.2,D11*0.8) -> -0.019514836 | U11: =IF(E11>0,E11*1.2,E11*0.8) -> -0.023456418 | V11: =IF(F11>0,F11*1.2,F11*0.8) -> -0.0028235488 | W11: =IF(G11>0,G11*1.2,G11*0.8) -> -0.0036091467 | X11: =IF(H11>0,H11*1.2,H11*0.8) -> -0.050341945 | Y11: =IF(I11>0,I11*1.2,I11*0.8) -> -0.030558554 | ... AE11: =IF(O11>0,O11*1.2,O11*0.8) -> -0.085270796 | AM11: =R11-R$204 -> -0.014188242 | AN11: =S11-S$204 -> -0.031219212 | AO11: =T11-T$204 -> -0.027392773 | AP11: =U11-U$204 -> -0.033290926 | AQ11: =V11-V$204 -> -0.016646488 | AR11: =W11-W$204 -> -0.012121751 | AS11: =X11-X$204 -> -0.063154948 | AT11: =Y11-Y$204 -> -0.035954485 | ... AZ11: =AE11-AE$204 -> -0.089884848
B12: -0.014752638 | C12: 0.021758181 | D12: 0.03205797 | E12: 0.030660108 | F12: -0.056528493 | G12: 0.0077679166 | H12: 0.02073807 | I12: 0.029551139 | J12: 0.097110975 | K12: -0.067404399 | L12: 0.0086133177 | M12: 0.040023127 | N12: 0.21625522 | O12: -0.01300161 | R12: =IF(B12>0,B12*1.2,B12*0.8) -> -0.011802111 | S12: =IF(C12>0,C12*1.2,C12*0.8) -> 0.026109817 | T12: =IF(D12>0,D12*1.2,D12*0.8) -> 0.038469565 | U12: =IF(E12>0,E12*1.2,E12*0.8) -> 0.036792129 | V12: =IF(F12>0,F12*1.2,F12*0.8) -> -0.045222794 | W12: =IF(G12>0,G12*1.2,G12*0.8) -> 0.0093214999 | X12: =IF(H12>0,H12*1.2,H12*0.8) -> 0.024885684 | Y12: =IF(I12>0,I12*1.2,I12*0.8) -> 0.035461367 | ... AE12: =IF(O12>0,O12*1.2,O12*0.8) -> -0.010401288 | AM12: =R12-R$204 -> -0.019608227 | AN12: =S12-S$204 -> 0.0053131101 | AO12: =T12-T$204 -> 0.030591628 | AP12: =U12-U$204 -> 0.026957621 | AQ12: =V12-V$204 -> -0.059045734 | AR12: =W12-W$204 -> 0.00080889509 | AS12: =X12-X$204 -> 0.012072681 | AT12: =Y12-Y$204 -> 0.030065436 | ... AZ12: =AE12-AE$204 -> -0.01501534
B13: -0.010243367 | C13: -0.051816261 | D13: -0.025377318 | E13: -0.019146885 | F13: 0.034478014 | G13: -0.054450212 | H13: -0.050773315 | I13: -0.1681693 | J13: -0.015078727 | K13: -0.06470819 | L13: -0.15926187 | M13: -0.04548265 | N13: -0.13893856 | O13: -0.14007319 | R13: =IF(B13>0,B13*1.2,B13*0.8) -> -0.0081946939 | S13: =IF(C13>0,C13*1.2,C13*0.8) -> -0.041453009 | T13: =IF(D13>0,D13*1.2,D13*0.8) -> -0.020301854 | U13: =IF(E13>0,E13*1.2,E13*0.8) -> -0.015317508 | V13: =IF(F13>0,F13*1.2,F13*0.8) -> 0.041373617 | W13: =IF(G13>0,G13*1.2,G13*0.8) -> -0.04356017 | X13: =IF(H13>0,H13*1.2,H13*0.8) -> -0.040618652 | Y13: =IF(I13>0,I13*1.2,I13*0.8) -> -0.13453544 | ... AE13: =IF(O13>0,O13*1.2,O13*0.8) -> -0.11205856 | AM13: =R13-R$204 -> -0.01600081 | AN13: =S13-S$204 -> -0.062249716 | AO13: =T13-T$204 -> -0.028179791 | AP13: =U13-U$204 -> -0.025152016 | AQ13: =V13-V$204 -> 0.027550677 | AR13: =W13-W$204 -> -0.052072775 | AS13: =X13-X$204 -> -0.053431655 | AT13: =Y13-Y$204 -> -0.13993137 | ... AZ13: =AE13-AE$204 -> -0.11667261
B14: -0.05311094 | C14: -0.037304503 | D14: -0.034358476 | E14: -0.015585922 | F14: -0.05256926 | G14: -0.0008242891 | H14: -0.064251982 | I14: -0.096368461 | J14: 0.062308757 | K14: -0.03486941 | L14: 0.030700546 | M14: 0.038483496 | N14: -0.15696671 | O14: -0.10460605 | R14: =IF(B14>0,B14*1.2,B14*0.8) -> -0.042488752 | S14: =IF(C14>0,C14*1.2,C14*0.8) -> -0.029843603 | T14: =IF(D14>0,D14*1.2,D14*0.8) -> -0.027486781 | U14: =IF(E14>0,E14*1.2,E14*0.8) -> -0.012468737 | V14: =IF(F14>0,F14*1.2,F14*0.8) -> -0.042055408 | W14: =IF(G14>0,G14*1.2,G14*0.8) -> -0.00065943128 | X14: =IF(H14>0,H14*1.2,H14*0.8) -> -0.051401585 | Y14: =IF(I14>0,I14*1.2,I14*0.8) -> -0.077094769 | ... AE14: =IF(O14>0,O14*1.2,O14*0.8) -> -0.083684842 | AM14: =R14-R$204 -> -0.050294868 | AN14: =S14-S$204 -> -0.050640309 | AO14: =T14-T$204 -> -0.035364717 | AP14: =U14-U$204 -> -0.022303245 | AQ14: =V14-V$204 -> -0.055878348 | AR14: =W14-W$204 -> -0.0091720361 | AS14: =X14-X$204 -> -0.064214588 | AT14: =Y14-Y$204 -> -0.0824907 | ... AZ14: =AE14-AE$204 -> -0.088298894
B15: 0.058062807 | C15: 0.17967855 | D15: 0.07017521 | E15: 0.047076361 | F15: 0.12958199 | G15: 0.10264242 | H15: 0.14317902 | I15: 0.18065628 | J15: 0.087964353 | K15: 0.14981282 | L15: 0.081142433 | M15: 0.11827067 | N15: 0.18416547 | O15: 0.16980986 | R15: =IF(B15>0,B15*1.2,B15*0.8) -> 0.069675368 | S15: =IF(C15>0,C15*1.2,C15*0.8) -> 0.21561426 | T15: =IF(D15>0,D15*1.2,D15*0.8) -> 0.084210252 | U15: =IF(E15>0,E15*1.2,E15*0.8) -> 0.056491634 | V15: =IF(F15>0,F15*1.2,F15*0.8) -> 0.15549839 | W15: =IF(G15>0,G15*1.2,G15*0.8) -> 0.12317091 | X15: =IF(H15>0,H15*1.2,H15*0.8) -> 0.17181482 | Y15: =IF(I15>0,I15*1.2,I15*0.8) -> 0.21678753 | ... AE15: =IF(O15>0,O15*1.2,O15*0.8) -> 0.20377183 | AM15: =R15-R$204 -> 0.061869252 | AN15: =S15-S$204 -> 0.19481755 | AO15: =T15-T$204 -> 0.076332315 | AP15: =U15-U$204 -> 0.046657126 | AQ15: =V15-V$204 -> 0.14167545 | AR15: =W15-W$204 -> 0.1146583 | AS15: =X15-X$204 -> 0.15900182 | AT15: =Y15-Y$204 -> 0.2113916 | ... AZ15: =AE15-AE$204 -> 0.19915778
B16: 0.063440223 | C16: 0.045815179 | D16: 0.010759734 | E16: 0.039890098 | F16: 0.10996224 | G16: 0.021594606 | H16: 0.024321885 | I16: -0.016807118 | J16: 0.064625632 | K16: 0.0041325699 | L16: 0.020766098 | M16: 0.011632547 | N16: -0.0088496153 | O16: -0.020416851 | R16: =IF(B16>0,B16*1.2,B16*0.8) -> 0.076128268 | S16: =IF(C16>0,C16*1.2,C16*0.8) -> 0.054978215 | T16: =IF(D16>0,D16*1.2,D16*0.8) -> 0.01291168 | U16: =IF(E16>0,E16*1.2,E16*0.8) -> 0.047868117 | V16: =IF(F16>0,F16*1.2,F16*0.8) -> 0.13195469 | W16: =IF(G16>0,G16*1.2,G16*0.8) -> 0.025913528 | X16: =IF(H16>0,H16*1.2,H16*0.8) -> 0.029186262 | Y16: =IF(I16>0,I16*1.2,I16*0.8) -> -0.013445695 | ... AE16: =IF(O16>0,O16*1.2,O16*0.8) -> -0.016333481 | AM16: =R16-R$204 -> 0.068322152 | AN16: =S16-S$204 -> 0.034181508 | AO16: =T16-T$204 -> 0.0050337441 | AP16: =U16-U$204 -> 0.038033609 | AQ16: =V16-V$204 -> 0.11813175 | AR16: =W16-W$204 -> 0.017400923 | AS16: =X16-X$204 -> 0.016373259 | AT16: =Y16-Y$204 -> -0.018841626 | ... AZ16: =AE16-AE$204 -> -0.020947533
B17: -0.0023493693 | C17: -0.03603331 | D17: 0.018725062 | E17: -0.010787132 | F17: 0.070618242 | G17: -0.0073706666 | H17: 0.013567271 | I17: 0.054691469 | J17: 0.026235386 | K17: 0.0013380793 | L17: 0.054839553 | M17: 0.064201147 | N17: 0.014520331 | O17: 0.035269877 | R17: =IF(B17>0,B17*1.2,B17*0.8) -> -0.0018794955 | S17: =IF(C17>0,C17*1.2,C17*0.8) -> -0.028826648 | T17: =IF(D17>0,D17*1.2,D17*0.8) -> 0.022470074 | U17: =IF(E17>0,E17*1.2,E17*0.8) -> -0.0086297054 | V17: =IF(F17>0,F17*1.2,F17*0.8) -> 0.08474189 | W17: =IF(G17>0,G17*1.2,G17*0.8) -> -0.0058965333 | X17: =IF(H17>0,H17*1.2,H17*0.8) -> 0.016280725 | Y17: =IF(I17>0,I17*1.2,I17*0.8) -> 0.065629763 | ... AE17: =IF(O17>0,O17*1.2,O17*0.8) -> 0.042323852 | AM17: =R17-R$204 -> -0.0096856119 | AN17: =S17-S$204 -> -0.049623355 | AO17: =T17-T$204 -> 0.014592138 | AP17: =U17-U$204 -> -0.018464213 | AQ17: =V17-V$204 -> 0.070918951 | AR17: =W17-W$204 -> -0.014409138 | AS17: =X17-X$204 -> 0.0034677223 | AT17: =Y17-Y$204 -> 0.060233831 | ... AZ17: =AE17-AE$204 -> 0.0377098
B18: -0.024507615 | C18: -0.14433998 | D18: -0.041068454 | E18: -0.050186072 | F18: -0.056031488 | G18: -0.057244732 | H18: -0.011270749 | I18: -0.04709329 | J18: -0.043229616 | K18: -0.14986307 | L18: -0.11566605 | M18: -0.085238152 | N18: -0.090115033 | O18: -0.062225207 | R18: =IF(B18>0,B18*1.2,B18*0.8) -> -0.019606092 | S18: =IF(C18>0,C18*1.2,C18*0.8) -> -0.11547199 | T18: =IF(D18>0,D18*1.2,D18*0.8) -> -0.032854763 | U18: =IF(E18>0,E18*1.2,E18*0.8) -> -0.040148858 | V18: =IF(F18>0,F18*1.2,F18*0.8) -> -0.044825191 | W18: =IF(G18>0,G18*1.2,G18*0.8) -> -0.045795786 | X18: =IF(H18>0,H18*1.2,H18*0.8) -> -0.0090165989 | Y18: =IF(I18>0,I18*1.2,I18*0.8) -> -0.037674632 | ... AE18: =IF(O18>0,O18*1.2,O18*0.8) -> -0.049780166 | AM18: =R18-R$204 -> -0.027412208 | AN18: =S18-S$204 -> -0.13626869 | AO18: =T18-T$204 -> -0.040732699 | AP18: =U18-U$204 -> -0.049983366 | AQ18: =V18-V$204 -> -0.05864813 | AR18: =W18-W$204 -> -0.054308391 | AS18: =X18-X$204 -> -0.021829602 | AT18: =Y18-Y$204 -> -0.043070563 | ... AZ18: =AE18-AE$204 -> -0.054394218
... B201: -0.050677457 | C201: -0.024058553 | D201: -0.012428319 | E201: -0.036441615 | F201: -0.038756451 | G201: -0.014407884 | H201: -0.0074301473 | I201: -0.09320467 | J201: 0.007686558 | K201: -0.06246009 | L201: -0.033687396 | M201: 0.013600967 | N201: -0.12094161 | O201: -0.0084346816 | R201: =IF(B201>0,B201*1.2,B201*0.8) -> -0.040541965 | S201: =IF(C201>0,C201*1.2,C201*0.8) -> -0.019246842 | T201: =IF(D201>0,D201*1.2,D201*0.8) -> -0.009942655 | U201: =IF(E201>0,E201*1.2,E201*0.8) -> -0.029153292 | V201: =IF(F201>0,F201*1.2,F201*0.8) -> -0.031005161 | W201: =IF(G201>0,G201*1.2,G201*0.8) -> -0.011526307 | X201: =IF(H201>0,H201*1.2,H201*0.8) -> -0.0059441179 | Y201: =IF(I201>0,I201*1.2,I201*0.8) -> -0.074563736 | ... AE201: =IF(O201>0,O201*1.2,O201*0.8) -> -0.0067477453 | AM201: =R201-R$204 -> -0.048348082 | AN201: =S201-S$204 -> -0.040043549 | AO201: =T201-T$204 -> -0.017820591 | AP201: =U201-U$204 -> -0.0389878 | AQ201: =V201-V$204 -> -0.044828101 | AR201: =W201-W$204 -> -0.020038912 | AS201: =X201-X$204 -> -0.018757121 | AT201: =Y201-Y$204 -> -0.079959667 | ... AZ201: =AE201-AE$204 -> -0.011361797
Q204: Mean | R204: =AVERAGE(R7:R201) -> 0.0078061164 | S204: =AVERAGE(S7:S201) -> 0.020796707 | T204: =AVERAGE(T7:T201) -> 0.0078779363 | U204: =AVERAGE(U7:U201) -> 0.009834508 | V204: =AVERAGE(V7:V201) -> 0.013822939 | W204: =AVERAGE(W7:W201) -> 0.0085126048 | X204: =AVERAGE(X7:X201) -> 0.012813003 | Y204: =AVERAGE(Y7:Y201) -> 0.0053959313 | ... AE204: =AVERAGE(AE7:AE201) -> 0.004614052
B207: Variance Covariance Matrix | R207: Matrix Inverse
B208: APPLE | C208: NVIDIA | D208: Microsoft | E208: GOOGLE | F208: TESLA | G208: AMAZON | H208: META | I208: SNAP | J208: CRWD | K208: COIN | L208: UBER | M208: PLTR | N208: ROKU | O208: ZM | R208: APPLE | S208: NVIDIA | T208: Microsoft | U208: GOOGLE | V208: TESLA | W208: AMAZON | X208: META | Y208: SNAP | Z208: CRWD | AA208: COIN | AB208: UBER | AC208: PLTR | AD208: ROKU | AE208: ZM
B209: {=MMULT(TRANSPOSE(AM7:AZ201),AM7:AZ201)/(195-1)} -> 0.0015622442 | C209: 0.0013659205 | D209: 0.00075721302 | E209: 0.0010081134 | F209: 0.0016400532 | G209: 0.00097162976 | H209: 0.00092759051 | I209: 0.00095004467 | J209: 0.0012059419 | K209: 0.0018580153 | L209: 0.00081557596 | M209: 0.0014484112 | N209: 0.0017880392 | O209: 0.00098806723 | R209: {=MINVERSE(_xlfn.ANCHORARRAY(B209))} -> 1209.0635 | S209: -43.975702 | T209: -177.53221 | U209: -276.58273 | V209: -143.05371 | W209: -33.315476 | X209: 2.4100184 | Y209: 11.694155 | Z209: -52.953768 | AA209: 27.647085 | AB209: -51.895911 | AC209: 53.019018 | AD209: -68.710065 | AE209: -61.74647
B210: 0.0013659205 | C210: 0.0051796858 | D210: 0.0017247843 | E210: 0.0015181303 | F210: 0.0027878927 | G210: 0.0020675817 | H210: 0.001936434 | I210: 0.0019812426 | J210: 0.0026430831 | K210: 0.0046421999 | L210: 0.0021239217 | M210: 0.0037553536 | N210: 0.0032676251 | O210: 0.0017894377 | R210: -43.975702 | S210: 453.50541 | T210: -370.77828 | U210: 48.307369 | V210: -33.59057 | W210: -71.939845 | X210: 5.3048114 | Y210: -22.483591 | Z210: -27.343393 | AA210: -14.416471 | AB210: -59.279891 | AC210: -49.207867 | AD210: -1.7624374 | AE210: 5.3322013
B211: 0.00075721302 | C211: 0.0017247843 | D211: 0.0012718722 | E211: 0.00098076908 | F211: 0.0012868423 | G211: 0.0011439611 | H211: 0.0013171138 | I211: 0.00079071361 | J211: 0.0013026088 | K211: 0.0020087479 | L211: 0.00084907554 | M211: 0.0015365701 | N211: 0.001481465 | O211: 0.00089074014 | R211: -177.53221 | S211: -370.77828 | T211: 2313.2907 | U211: -288.47564 | V211: -30.749854 | W211: -347.64996 | X211: -334.19665 | Y211: 56.648568 | Z211: -133.24528 | AA211: -14.107518 | AB211: 49.091831 | AC211: 49.002934 | AD211: 51.740177 | AE211: -49.862842
B212: 0.0010081134 | C212: 0.0015181303 | D212: 0.00098076908 | E212: 0.0020803777 | F212: 0.0015430941 | G212: 0.0013621967 | H212: 0.0012974992 | I212: 0.0013911696 | J212: 0.0014643992 | K212: 0.0022988967 | L212: 0.00075464493 | M212: 0.0018502874 | N212: 0.0019681036 | O212: 0.0010621945 | R212: -276.58273 | S212: 48.307369 | T212: -288.47564 | U212: 1024.2791 | V212: 3.4979185 | W212: -283.24136 | X212: -61.770707 | Y212: -51.382489 | Z212: -34.567228 | AA212: -7.4518518 | AB212: 103.8321 | AC212: -37.666353 | AD212: -15.90022 | AE212: -18.853317
B213: 0.0016400532 | C213: 0.0027878927 | D213: 0.0012868423 | E213: 0.0015430941 | F213: 0.0071329829 | G213: 0.0018151524 | H213: 0.0012142543 | I213: 0.0016884225 | J213: 0.0021337867 | K213: 0.0052155031 | L213: 0.0010591977 | M213: 0.0039934177 | N213: 0.0031176085 | O213: 0.0019535987 | R213: -143.05371 | S213: -33.59057 | T213: -30.749854 | U213: 3.4979185 | V213: 247.15993 | W213: -38.269157 | X213: 28.702466 | Y213: -5.3567531 | Z213: 8.5023181 | AA213: -35.084906 | AB213: 69.671032 | AC213: -53.011323 | AD213: 8.0519488 | AE213: -40.568325
B214: 0.00097162976 | C214: 0.0020675817 | D214: 0.0011439611 | E214: 0.0013621967 | F214: 0.0018151524 | G214: 0.0022672727 | H214: 0.0015164526 | I214: 0.00148016 | J214: 0.0017723821 | K214: 0.0031362345 | L214: 0.0013725315 | M214: 0.0023422153 | N214: 0.0022495212 | O214: 0.0013117327 | R214: -33.315476 | S214: -71.939845 | T214: -347.64996 | U214: -283.24136 | V214: -38.269157 | W214: 1147.3859 | X214: -83.93125 | Y214: -34.44933 | Z214: -38.897206 | AA214: -29.328331 | AB214: -87.293941 | AC214: -32.507551 | AD214: 16.381161 | AE214: -52.631894
B215: 0.00092759051 | C215: 0.001936434 | D215: 0.0013171138 | E215: 0.0012974992 | F215: 0.0012142543 | G215: 0.0015164526 | H215: 0.0038133615 | I215: 0.001023206 | J215: 0.0016259872 | K215: 0.0025205886 | L215: 0.0013776791 | M215: 0.0019988091 | N215: 0.002672741 | O215: 0.0012148738 | R215: 2.4100184 | S215: 5.3048114 | T215: -334.19665 | U215: -61.770707 | V215: 28.702466 | W215: -83.93125 | X215: 458.29228 | Y215: 17.633539 | Z215: -0.16506938 | AA215: 8.6691035 | AB215: -37.290249 | AC215: 10.717264 | AD215: -61.342257 | AE215: 5.6670061
B216: 0.00095004467 | C216: 0.0019812426 | D216: 0.00079071361 | E216: 0.0013911696 | F216: 0.0016884225 | G216: 0.00148016 | H216: 0.001023206 | I216: 0.0089121536 | J216: 0.0023480879 | K216: 0.0038722938 | L216: 0.0014524548 | M216: 0.0013865911 | N216: 0.0035089157 | O216: 0.0014897178 | R216: 11.694155 | S216: -22.483591 | T216: 56.648568 | U216: -51.382489 | V216: -5.3567531 | W216: -34.44933 | X216: 17.633539 | Y216: 152.58186 | Z216: -57.504234 | AA216: -11.791961 | AB216: -2.571873 | AC216: 45.644401 | AD216: -37.308415 | AE216: -3.8073367
B217: 0.0012059419 | C217: 0.0026430831 | D217: 0.0013026088 | E217: 0.0014643992 | F217: 0.0021337867 | G217: 0.0017723821 | H217: 0.0016259872 | I217: 0.0023480879 | J217: 0.0046544006 | K217: 0.0037719097 | L217: 0.002069531 | M217: 0.0038480299 | N217: 0.0031963415 | O217: 0.0017400518 | R217: -52.953768 | S217: -27.343393 | T217: -133.24528 | U217: -34.567228 | V217: 8.5023181 | W217: -38.897206 | X217: -0.16506938 | Y217: -57.504234 | Z217: 443.65091 | AA217: 10.505627 | AB217: -70.902216 | AC217: -96.945634 | AD217: 2.1254044 | AE217: -25.951043
B218: 0.0018580153 | C218: 0.0046421999 | D218: 0.0020087479 | E218: 0.0022988967 | F218: 0.0052155031 | G218: 0.0031362345 | H218: 0.0025205886 | I218: 0.0038722938 | J218: 0.0037719097 | K218: 0.018017058 | L218: 0.0040542227 | M218: 0.0064705249 | N218: 0.006829391 | O218: 0.0034404419 | R218: 27.647085 | S218: -14.416471 | T218: -14.107518 | U218: -7.4518518 | V218: -35.084906 | W218: -29.328331 | X218: 8.6691035 | Y218: -11.791961 | Z218: 10.505627 | AA218: 100.84527 | AB218: -46.819548 | AC218: -15.024459 | AD218: -23.259207 | AE218: -14.788972
B219: 0.00081557596 | C219: 0.0021239217 | D219: 0.00084907554 | E219: 0.00075464493 | F219: 0.0010591977 | G219: 0.0013725315 | H219: 0.0013776791 | I219: 0.0014524548 | J219: 0.002069531 | K219: 0.0040542227 | L219: 0.0040615554 | M219: 0.0027800355 | N219: 0.0028871046 | O219: 0.0015712698 | R219: -51.895911 | S219: -59.279891 | T219: 49.091831 | U219: 103.8321 | V219: 69.671032 | W219: -87.293941 | X219: -37.290249 | Y219: -2.571873 | Z219: -70.902216 | AA219: -46.819548 | AB219: 427.9324 | AC219: -30.866859 | AD219: -22.132488 | AE219: -65.2278
B220: 0.0014484112 | C220: 0.0037553536 | D220: 0.0015365701 | E220: 0.0018502874 | F220: 0.0039934177 | G220: 0.0023422153 | H220: 0.0019988091 | I220: 0.0013865911 | J220: 0.0038480299 | K220: 0.0064705249 | L220: 0.0027800355 | M220: 0.0096850459 | N220: 0.005280527 | O220: 0.0025065847 | R220: 53.019018 | S220: -49.207867 | T220: 49.002934 | U220: -37.666353 | V220: -53.011323 | W220: -32.507551 | X220: 10.717264 | Y220: 45.644401 | Z220: -96.945634 | AA220: -15.024459 | AB220: -30.866859 | AC220: 223.2386 | AD220: -53.077928 | AE220: -8.0583743
B221: 0.0017880392 | C221: 0.0032676251 | D221: 0.001481465 | E221: 0.0019681036 | F221: 0.0031176085 | G221: 0.0022495212 | H221: 0.002672741 | I221: 0.0035089157 | J221: 0.0031963415 | K221: 0.006829391 | L221: 0.0028871046 | M221: 0.005280527 | N221: 0.010073287 | O221: 0.0031566029 | R221: -68.710065 | S221: -1.7624374 | T221: 51.740177 | U221: -15.90022 | V221: 8.0519488 | W221: 16.381161 | X221: -61.342257 | Y221: -37.308415 | Z221: 2.1254044 | AA221: -23.259207 | AB221: -22.132488 | AC221: -53.077928 | AD221: 206.51433 | AE221: -84.862883
B222: 0.00098806723 | C222: 0.0017894377 | D222: 0.00089074014 | E222: 0.0010621945 | F222: 0.0019535987 | G222: 0.0013117327 | H222: 0.0012148738 | I222: 0.0014897178 | J222: 0.0017400518 | K222: 0.0034404419 | L222: 0.0015712698 | M222: 0.0025065847 | N222: 0.0031566029 | O222: 0.0032170662 | R222: -61.74647 | S222: 5.3322013 | T222: -49.862842 | U222: -18.853317 | V222: -40.568325 | W222: -52.631894 | X222: 5.6670061 | Y222: -3.8073367 | Z222: -25.951043 | AA222: -14.788972 | AB222: -65.2278 | AC222: -8.0583743 | AD222: -84.862883 | AE222: 543.84761
Q224: Vector | R224: 1 | S224: 1 | T224: 1 | U224: 1 | V224: 1 | W224: 1 | X224: 1 | Y224: 1 | Z224: 1 | AA224: 1 | AB224: 1 | AC224: 1 | AD224: 1 | AE224: 1
Q226: GMVP | R226: {=MMULT(R224:AE224,_xlfn.ANCHORARRAY(R209))/SUM(MMULT(R224:AE224,_xlfn.ANCHORARRAY(R209)))} -> 0.32574314 | S226: -0.15071567 | T226: 0.63912052 | U226: 0.085988554 | V226: -0.011654459 | W226: 0.025056208 | X226: -0.034139042 | Y226: 0.04756896 | Z226: -0.060914091 | AA226: -0.05323922 | AB226: 0.14568846 | AC226: 0.0043445946 | AD226: -0.069057984 | AE226: 0.10621002
C228: Mean | E228: S^-1*(E®) | G228: Weights | Q228: Mean | R228: =SUMPRODUCT(_xlfn.ANCHORARRAY(R226),R204:AE204) -> 0.0047387981
C229: 0.0078061164 | E229: {=MMULT(_xlfn.ANCHORARRAY(R209),C229:C242)} -> 1.6712576 | G229: =E229/SUM(_xlfn.ANCHORARRAY($E$229)) -> 0.29152756 | Q229: Variance | R229: {=MMULT(_xlfn.ANCHORARRAY(R226),MMULT(_xlfn.ANCHORARRAY(B209),TRANSPOSE(_xlfn.ANCHORARRAY(R226))))} -> 0.0008266172
C230: 0.020796707 | E230: 2.6680221 | G230: =E230/SUM(_xlfn.ANCHORARRAY($E$229)) -> 0.46539922 | Q230: Std. Deviation | R230: =SQRT(R229) -> 0.028750951
C231: 0.0078779363 | E231: -1.2257785 | G231: =E231/SUM(_xlfn.ANCHORARRAY($E$229)) -> -0.21381995
C232: 0.009834508 | E232: 2.5798299 | G232: =E232/SUM(_xlfn.ANCHORARRAY($E$229)) -> 0.45001532
C233: 0.013822939 | E233: 0.16940734 | G233: =E233/SUM(_xlfn.ANCHORARRAY($E$229)) -> 0.029550747
C234: 0.0085126048 | E234: -2.6463558 | G234: =E234/SUM(_xlfn.ANCHORARRAY($E$229)) -> -0.46161983
C235: 0.012813003 | E235: 1.8598663 | G235: =E235/SUM(_xlfn.ANCHORARRAY($E$229)) -> 0.32442772
C236: 0.0053959313 | E236: -0.19320274 | G236: =E236/SUM(_xlfn.ANCHORARRAY($E$229)) -> -0.033701522
C237: 0.016123493 | E237: 0.87416312 | G237: =E237/SUM(_xlfn.ANCHORARRAY($E$229)) -> 0.15248556
C238: 0.022051388 | E238: 0.093114704 | G238: =E238/SUM(_xlfn.ANCHORARRAY($E$229)) -> 0.016242561
C239: 0.013087788 | E239: 1.5484543 | G239: =E239/SUM(_xlfn.ANCHORARRAY($E$229)) -> 0.27010625
C240: 0.026708853 | E240: 1.8088774 | G240: =E240/SUM(_xlfn.ANCHORARRAY($E$229)) -> 0.31553341
C241: 0.011270931 | E241: -1.3082186 | G241: =E241/SUM(_xlfn.ANCHORARRAY($E$229)) -> -0.22820047
C242: 0.004614052 | E242: -2.166677 | G242: =E242/SUM(_xlfn.ANCHORARRAY($E$229)) -> -0.37794657
F244: Sum | G244: =SUM(G229:G242) -> 1
C247: Mean | E247: =SUMPRODUCT(G229:G242,C229:C242) -> 0.025613124
C248: Variance | E248: {=MMULT(TRANSPOSE(G229:G242),MMULT(_xlfn.ANCHORARRAY(B209),G229:G242))} -> 0.004467852
C249: Std. Deviation | E249: =SQRT(E248) -> 0.066841993
C252: Shapie Ratio | E252: =E247/E249 -> 0.38318911
